-- phpMyAdmin SQL Dump
-- version 4.7.9
-- https://www.phpmyadmin.net/
--
-- Host: mysql-alexeerd.alwaysdata.net
-- Generation Time: Aug 02, 2020 at 02:36 AM
-- Server version: 10.4.13-MariaDB
-- PHP Version: 7.2.29

SET SQL_MODE = "NO_AUTO_VALUE_ON_ZERO";
SET AUTOCOMMIT = 0;
START TRANSACTION;
SET time_zone = "+00:00";


/*!40101 SET @OLD_CHARACTER_SET_CLIENT=@@CHARACTER_SET_CLIENT */;
/*!40101 SET @OLD_CHARACTER_SET_RESULTS=@@CHARACTER_SET_RESULTS */;
/*!40101 SET @OLD_COLLATION_CONNECTION=@@COLLATION_CONNECTION */;
/*!40101 SET NAMES utf8mb4 */;

--
-- Database: `alexeerd_proyectolaravel`
--

-- --------------------------------------------------------

--
-- Table structure for table `categorias`
--

CREATE TABLE `categorias` (
  `id` int(10) UNSIGNED NOT NULL,
  `nombre` varchar(50) COLLATE utf8mb4_unicode_ci NOT NULL,
  `descripcion` varchar(256) COLLATE utf8mb4_unicode_ci DEFAULT NULL,
  `condicion` tinyint(1) NOT NULL DEFAULT 1,
  `created_at` timestamp NULL DEFAULT NULL,
  `updated_at` timestamp NULL DEFAULT NULL
) ENGINE=InnoDB DEFAULT CHARSET=utf8mb4 COLLATE=utf8mb4_unicode_ci;

--
-- Dumping data for table `categorias`
--

INSERT INTO `categorias` (`id`, `nombre`, `descripcion`, `condicion`, `created_at`, `updated_at`) VALUES
(3, 'harinas', 'todas las harinas', 1, NULL, '2018-12-13 22:07:51'),
(4, 'pastas', 'todas las pastas', 1, NULL, NULL),
(5, 'detergentes', 'varios detergentes', 1, '2018-12-12 21:59:21', '2018-12-12 21:59:21'),
(6, 'resfrescos', 'varios resfrescos', 1, '2018-12-13 01:06:19', '2018-12-13 22:08:08'),
(9, 'cervezas', 'todas las cervezas', 1, '2018-12-16 21:25:06', '2018-12-16 22:19:37'),
(10, 'Limpieza', 'Articulos de Limpieza', 1, '2020-07-08 19:26:15', '2020-07-08 19:26:15'),
(11, 'Pinturas y Acabados', 'Acces. para pintar, esmaltes y solventes', 1, '2020-07-08 19:31:54', '2020-07-08 19:41:33'),
(13, 'Gasfiteria', 'Tubos, conexiones, selladores y pegamento', 1, '2020-07-08 19:33:03', '2020-07-08 19:42:05'),
(14, 'Cocina', 'Utensilios de cocina y servicio de mesa', 1, '2020-07-08 19:34:31', '2020-07-09 15:05:53'),
(15, 'Electricidad', 'Cables y enchufes en general', 1, '2020-07-08 19:35:24', '2020-07-08 19:35:24'),
(16, 'Ferreteria', 'Clavos, art. para muebles, chapas y cerrajeria', 1, '2020-07-08 19:40:55', '2020-07-08 19:40:55');

-- --------------------------------------------------------

--
-- Table structure for table `clientes`
--

CREATE TABLE `clientes` (
  `id` int(10) UNSIGNED NOT NULL,
  `nombre` varchar(100) COLLATE utf8mb4_unicode_ci NOT NULL,
  `tipo_documento` varchar(20) COLLATE utf8mb4_unicode_ci DEFAULT NULL,
  `num_documento` varchar(20) COLLATE utf8mb4_unicode_ci DEFAULT NULL,
  `direccion` varchar(70) COLLATE utf8mb4_unicode_ci DEFAULT NULL,
  `telefono` varchar(20) COLLATE utf8mb4_unicode_ci DEFAULT NULL,
  `email` varchar(50) COLLATE utf8mb4_unicode_ci DEFAULT NULL,
  `created_at` timestamp NULL DEFAULT NULL,
  `updated_at` timestamp NULL DEFAULT NULL
) ENGINE=InnoDB DEFAULT CHARSET=utf8mb4 COLLATE=utf8mb4_unicode_ci;

--
-- Dumping data for table `clientes`
--

INSERT INTO `clientes` (`id`, `nombre`, `tipo_documento`, `num_documento`, `direccion`, `telefono`, `email`, `created_at`, `updated_at`) VALUES
(1, 'pedro', 'CEDULA', '123456', 'av carlota', '123456', 'pedro@gmail.com', NULL, NULL),
(2, 'franco', 'CEDULA', '1234569', 'av caracas', '78963', 'franco@gmail.com', '2018-12-20 19:11:17', '2018-12-20 19:11:44'),
(3, 'Luisito Costa', 'DNI', '98990012', 'Jr. Salaverry N° 299', '989992283', 'luisito@gmail.com', '2019-07-09 11:58:19', '2019-07-09 11:58:19'),
(4, 'Lucía', 'DNI', '09000987', 'Jr. Guerrero N° 123', '999876547', 'lucia@gmail.com', '2020-07-09 17:03:43', '2020-07-09 17:03:43'),
(5, 'Rocío Vasquez', 'DNI', '88909875', 'Jr. El golazo N° 777', '990901287', 'rocio@gmail.com', '2019-07-09 17:04:39', '2019-07-09 17:04:39'),
(6, 'Maria', 'DNI', '45781265', 'jr marines', NULL, NULL, '2017-07-11 11:01:39', '2017-07-11 11:01:39'),
(7, 'JUAN', 'DNI', '98673465', 'Av. Puno', '908674534', 'juan@email.com', '2019-07-14 04:58:51', '2019-07-14 04:58:51'),
(8, 'Aarón', 'DNI', '87563489', 'Av. Peru', '96563657', 'aoron@email.com', '2020-07-14 05:02:28', '2020-07-14 05:02:28'),
(9, 'Abi', 'DNI', '89642467', 'Jr. Lima', '956784336', 'abi@email.com', '2020-07-14 05:04:15', '2020-07-14 05:04:15'),
(10, 'Ada', 'DNI', '89463758', 'Jr. Juliaca', '940893549', 'ada@gmail.com', '2020-07-14 05:05:41', '2020-07-14 05:05:41'),
(11, 'Adrián', 'DNI', '57788934', 'Jr. Aaronit', '987456578', 'adrian@hotmail.com', '2020-07-14 05:07:42', '2020-07-14 05:07:42'),
(12, 'Alvin', 'DNI', '45673498', 'Av. Peru', '894354620', 'alvin@gmail.com', '2020-07-14 05:09:00', '2020-07-14 05:09:00'),
(13, 'Angel', 'DNI', '34566879', 'Av. Peru', '967586423', 'angel@gmail.com', '2020-07-14 05:10:08', '2020-07-14 05:10:08'),
(14, 'Camila', 'DNI', '57463748', 'Av. juliaca', '980895457', 'camila@email.com', '2020-07-14 05:11:43', '2020-07-14 05:11:43'),
(15, 'Cliver', 'DNI', '76473849', 'Av. juliaca', '987564758', 'cliver@gmail.com', '2020-07-14 05:12:41', '2020-07-14 05:12:41'),
(16, 'Conor', 'DNI', '87789057', 'AV. Peru', '980685947', 'conor@gmail.com', '2020-07-14 05:14:07', '2020-07-14 05:14:07'),
(17, 'Cristhian', 'DNI', '89765490', 'Av. Peru', '976457329', 'cristhian@gmail.com', '2020-07-14 05:15:11', '2019-01-01 06:15:11'),
(18, 'Cusi', 'DNI', '23465769', 'Av. Peru', '907783647', 'cusi@email.com', '2020-07-14 05:16:09', '2020-07-14 05:16:09'),
(19, 'Daisi', 'DNI', '65485903', 'Av. juliaca', '98546737', 'daisi@email.com', '2020-07-14 05:17:20', '2020-07-14 05:17:20'),
(20, 'Jose Raul', 'DNI', '71540313', 'Av. 5 de abril', '910836420', 'amanquichua@gmail.com', '2020-07-14 10:12:45', '2020-07-14 10:12:54'),
(21, 'Tania Margoth', 'DNI', '02512345', 'Jr. San Martin', '983642012', 'tania_12_a@hotmail.com', '2020-07-14 10:19:11', '2020-07-14 10:19:11'),
(22, 'Lucia Manani', 'DNI', '74253121', 'Av. 25 de Julio', '978234123', 'lucizarita_@hotmail.com', '2020-07-14 10:24:57', '2020-07-14 10:24:57'),
(27, 'Jose Quispe', 'DNI', '07584124', 'Av. circunvalacion', '051245786', '368quispe@gmail.com', '2020-07-14 13:11:56', '2020-07-14 13:11:56'),
(28, 'maria jose', 'DNI', '01253645', 'jr. 24 de octubre', '963852741', 'maria21@gmail.com', '2020-07-14 13:15:03', '2020-07-14 13:15:03'),
(29, 'Juan Rairez', 'DNI', '02986530', 'jr. maria argueda', '951002475', 'ramirezJuan@gmail.com', '2020-07-14 13:15:50', '2020-07-14 13:15:50'),
(30, 'ayda quispe', 'DNI', '63001475', 'jr. arquitectos', '963001455', 'ayda96quispe@gmail.com', '2020-07-14 13:16:35', '2020-07-14 13:16:35'),
(31, 'Rene Valdoa', 'DNI', '00998542', 'jr. 28 de julio', '051248755', 'valdoa33@gmail.com', '2020-07-14 13:17:13', '2020-07-14 13:17:13'),
(32, 'Margarita Mamani', 'DNI', '66587450', 'jr octubre 14', '951951456', 'mmargarita325@gmail.com', '2020-07-14 13:17:55', '2020-07-14 13:17:55'),
(33, 'pepe Fuentes', 'DNI', '45254211', 'jr martines', '963987144', 'pfuentes@gmail.com', '2020-07-14 13:18:32', '2020-07-14 13:18:32'),
(34, 'Pedro Mamani', 'DNI', '55241089', 'jr. manco capac', '963636545', 'mp74@gmail.com', '2020-07-14 13:20:42', '2020-07-14 13:20:42'),
(37, 'Jose Quispe Quispe', 'DNI', '00258588', 'av miraflores', '051243560', 'quispejose7774@gmail.com', '2020-07-14 13:21:39', '2020-07-14 13:21:39'),
(38, 'Juan Mamani Martines', 'DNI', '01425700', 'av.collas', '955598675', 'juan12tlv@gmail.com', '2020-07-14 13:22:21', '2020-07-14 13:22:21'),
(39, 'Pedro Cruz', 'DNI', '65432185', 'jr.collas', '963998855', 'cruz774@gmail.com', '2020-07-14 13:22:55', '2020-07-14 13:22:55');

-- --------------------------------------------------------

--
-- Table structure for table `compras`
--

CREATE TABLE `compras` (
  `id` int(10) UNSIGNED NOT NULL,
  `idproveedor` int(10) UNSIGNED NOT NULL,
  `idusuario` int(10) UNSIGNED NOT NULL,
  `tipo_identificacion` varchar(20) COLLATE utf8mb4_unicode_ci NOT NULL,
  `num_compra` varchar(10) COLLATE utf8mb4_unicode_ci NOT NULL,
  `fecha_compra` datetime NOT NULL,
  `impuesto` decimal(4,2) NOT NULL,
  `total` decimal(11,2) NOT NULL,
  `estado` varchar(20) COLLATE utf8mb4_unicode_ci NOT NULL,
  `created_at` timestamp NULL DEFAULT NULL,
  `updated_at` timestamp NULL DEFAULT NULL
) ENGINE=InnoDB DEFAULT CHARSET=utf8mb4 COLLATE=utf8mb4_unicode_ci;

--
-- Dumping data for table `compras`
--

INSERT INTO `compras` (`id`, `idproveedor`, `idusuario`, `tipo_identificacion`, `num_compra`, `fecha_compra`, `impuesto`, `total`, `estado`, `created_at`, `updated_at`) VALUES
(6, 3, 1, 'FACTURA', '005', '2018-12-20 13:05:59', '0.20', '276.00', 'Registrado', '2018-12-20 12:05:59', '2018-12-20 12:05:59'),
(7, 4, 1, 'FACTURA', '006', '2019-11-21 14:00:55', '0.20', '231.60', 'Registrado', '2019-11-21 13:00:55', '2019-11-21 13:00:55'),
(8, 8, 1, 'FACTURA', '007', '2019-09-09 09:01:20', '0.20', '115.20', 'Registrado', '2019-09-09 07:01:20', '2019-09-09 07:01:20'),
(15, 9, 1, 'FACTURA', '010', '2018-03-08 11:55:09', '0.20', '576.00', 'Registrado', '2018-03-08 10:55:09', '2018-03-08 10:55:09'),
(16, 8, 1, 'FACTURA', '011', '2019-07-15 10:29:07', '0.20', '163.20', 'Registrado', '2019-07-15 08:29:07', '2019-07-15 08:29:07'),
(17, 4, 1, 'FACTURA', '012', '2019-09-26 13:52:01', '0.20', '415.20', 'Registrado', '2019-09-26 11:52:01', '2019-09-26 11:52:01'),
(18, 4, 1, 'FACTURA', '013', '2019-07-18 08:01:00', '0.20', '108.00', 'Registrado', '2019-07-18 06:01:00', '2019-07-18 06:01:00'),
(19, 6, 1, 'FACTURA', '014', '2019-05-31 10:06:50', '0.20', '127.20', 'Registrado', '2019-05-31 08:06:50', '2019-05-31 08:06:50'),
(23, 4, 1, 'FACTURA', '018', '2019-05-31 15:06:50', '0.20', '501.60', 'Registrado', '2019-05-31 13:06:50', '2019-05-31 13:06:50'),
(24, 11, 1, 'FACTURA', '019', '2019-11-21 14:00:55', '0.20', '475.20', 'Registrado', '2019-11-21 13:00:55', '2019-11-21 13:00:55'),
(26, 6, 1, 'FACTURA', '021', '2019-01-10 11:26:59', '0.20', '369.60', 'Registrado', '2019-01-10 10:26:59', '2019-01-10 10:26:59'),
(27, 8, 1, 'FACTURA', '022', '2019-11-18 14:09:35', '0.20', '237.60', 'Registrado', '2019-11-18 13:09:35', '2019-11-18 13:09:35'),
(29, 3, 1, 'FACTURA', '023', '2019-03-14 13:03:55', '0.20', '444.00', 'Registrado', '2019-03-14 12:03:55', '2019-03-14 12:03:55'),
(30, 13, 1, 'FACTURA', '024', '2019-12-23 11:25:45', '0.20', '195.60', 'Registrado', '2019-12-23 10:25:45', '2019-12-23 10:25:45'),
(31, 9, 1, 'FACTURA', '025', '2018-06-13 09:06:12', '0.20', '774.00', 'Registrado', '2018-06-13 07:06:12', '2018-06-13 07:06:12'),
(32, 10, 1, 'FACTURA', '026', '2019-03-14 10:30:55', '0.20', '278.40', 'Registrado', '2019-03-14 09:30:55', '2019-03-14 09:30:55'),
(34, 3, 1, 'FACTURA', '028', '2019-07-18 14:10:00', '0.20', '372.00', 'Registrado', '2019-07-18 12:10:00', '2019-07-18 12:10:00'),
(35, 6, 1, 'FACTURA', '029', '2020-01-23 15:05:59', '0.20', '183.60', 'Registrado', '2020-01-23 14:05:59', '2020-01-23 14:05:59'),
(38, 8, 1, 'FACTURA', '031', '2020-03-09 08:55:13', '0.20', '117.60', 'Registrado', '2020-03-09 07:55:13', '2020-03-09 07:55:13'),
(39, 4, 8, 'FACTURA', '32', '2020-01-23 10:05:59', '0.20', '160.00', 'Registrado', '2020-01-23 09:05:59', '2020-01-23 09:05:59'),
(40, 9, 1, 'FACTURA', '033', '2018-09-20 13:06:59', '0.20', '180.00', 'Registrado', '2018-09-20 11:06:59', '2018-09-20 11:06:59'),
(42, 12, 1, 'FACTURA', '034', '2019-11-21 11:00:55', '0.20', '132.00', 'Registrado', '2019-11-21 10:00:55', '2019-11-21 10:00:55'),
(43, 6, 1, 'FACTURA', '035', '2019-11-21 18:00:55', '0.20', '357.60', 'Registrado', '2019-11-21 17:00:55', '2019-11-21 17:00:55'),
(44, 8, 8, 'FACTURA', '070', '2020-03-30 06:36:12', '0.20', '50.00', 'Registrado', '2020-03-30 04:36:12', '2020-03-30 04:36:12'),
(46, 12, 1, 'FACTURA', '037', '2019-07-18 09:01:00', '0.20', '366.00', 'Registrado', '2019-07-18 07:01:00', '2019-07-18 07:01:00'),
(48, 6, 1, 'FACTURA', '039', '2019-09-26 11:52:01', '0.20', '703.20', 'Registrado', '2019-09-26 09:52:01', '2019-09-26 09:52:01'),
(49, 8, 1, 'FACTURA', '040', '2020-01-13 17:10:55', '0.20', '217.80', 'Registrado', '2020-01-13 16:10:55', '2020-01-13 16:10:55'),
(50, 6, 1, 'FACTURA', '041', '2019-07-18 14:01:00', '0.20', '469.20', 'Registrado', '2019-07-18 12:01:00', '2019-07-18 12:01:00'),
(51, 3, 1, 'FACTURA', '042', '2018-11-28 13:08:00', '0.20', '402.00', 'Registrado', '2018-11-28 12:08:00', '2018-11-28 12:08:00'),
(53, 4, 1, 'FACTURA', '045', '2019-03-14 15:30:55', '0.20', '429.60', 'Registrado', '2019-03-14 14:30:55', '2019-03-14 14:30:55'),
(54, 12, 1, 'FACTURA', '044', '2018-07-28 10:10:36', '0.20', '390.00', 'Registrado', '2018-07-28 08:10:36', '2018-07-28 08:10:36'),
(55, 11, 1, 'FACTURA', '047', '2019-07-18 14:01:00', '0.20', '537.60', 'Registrado', '2019-07-18 12:01:00', '2019-07-18 12:01:00'),
(56, 11, 1, 'FACTURA', '046', '2019-05-31 11:06:50', '0.20', '537.60', 'Registrado', '2019-05-31 09:06:50', '2019-05-31 09:06:50'),
(57, 4, 1, 'FACTURA', '048', '2018-11-14 12:58:00', '0.20', '147.60', 'Registrado', '2018-11-14 11:58:00', '2018-11-14 11:58:00'),
(58, 4, 1, 'FACTURA', '048', '2018-09-26 09:55:03', '0.20', '147.60', 'Registrado', '2018-09-26 07:55:03', '2018-09-26 07:55:03'),
(61, 13, 1, 'FACTURA', '051', '2019-09-16 12:25:33', '0.20', '405.60', 'Registrado', '2019-09-16 10:25:33', '2019-09-16 10:25:33'),
(62, 6, 1, 'FACTURA', '052', '2018-07-25 16:10:36', '0.20', '261.60', 'Registrado', '2018-07-25 14:10:36', '2018-07-25 14:10:36'),
(63, 6, 1, 'FACTURA', '053', '2018-05-23 14:58:15', '0.20', '240.00', 'Registrado', '2018-05-23 12:58:15', '2018-05-23 12:58:15'),
(64, 6, 1, 'FACTURA', '054', '2018-03-07 15:06:25', '0.20', '240.00', 'Registrado', '2018-03-07 14:06:25', '2018-03-07 14:06:25'),
(65, 3, 1, 'FACTURA', '055', '2018-03-08 14:59:25', '0.20', '402.00', 'Registrado', '2018-03-08 13:59:25', '2018-03-08 13:59:25'),
(68, 13, 1, 'FACTURA', '057', '2019-03-18 11:15:55', '0.20', '160.00', 'Registrado', '2019-03-18 10:15:55', '2019-03-18 10:15:55'),
(70, 13, 1, 'FACTURA', '059', '2018-12-10 14:06:00', '0.20', '132.00', 'Registrado', '2018-12-10 13:06:00', '2018-12-10 13:06:00'),
(73, 6, 1, 'FACTURA', '062', '2018-09-26 09:55:03', '0.20', '182.40', 'Registrado', '2018-09-26 07:55:03', '2018-09-26 07:55:03'),
(74, 10, 1, 'FACTURA', '063', '2018-03-08 14:06:25', '0.20', '360.00', 'Registrado', '2018-03-08 13:06:25', '2018-03-08 13:06:25'),
(75, 9, 1, 'FACTURA', '064', '2018-12-10 14:06:05', '0.20', '180.00', 'Registrado', '2018-12-10 13:06:05', '2018-12-10 13:06:05'),
(79, 11, 1, 'FACTURA', '068', '2019-09-26 09:52:01', '0.20', '338.00', 'Registrado', '2019-09-26 07:52:01', '2019-09-26 07:52:01'),
(80, 12, 1, 'FACTURA', '069', '2018-12-20 08:55:59', '0.20', '192.00', 'Registrado', '2018-12-20 07:55:59', '2018-12-20 07:55:59'),
(81, 13, 1, 'FACTURA', '070', '2019-06-17 15:58:00', '0.20', '300.00', 'Registrado', '2019-06-17 13:58:00', '2019-06-17 13:58:00'),
(83, 8, 1, 'FACTURA', '072', '2019-05-13 11:02:15', '0.20', '153.60', 'Registrado', '2019-05-13 09:02:15', '2019-05-13 09:02:15'),
(84, 10, 1, 'FACTURA', '073', '2018-12-20 15:55:59', '0.20', '192.00', 'Registrado', '2018-12-20 14:55:59', '2018-12-20 14:55:59'),
(86, 12, 1, 'FACTURA', '075', '2018-11-28 08:58:00', '0.20', '312.00', 'Registrado', '2018-11-28 07:58:00', '2018-11-28 07:58:00'),
(87, 11, 1, 'FACTURA', '076', '2017-12-14 13:46:12', '0.20', '234.00', 'Registrado', '2017-12-14 12:46:12', '2017-12-14 12:46:12'),
(88, 10, 1, 'FACTURA', '077', '2018-07-28 09:10:36', '0.20', '144.00', 'Registrado', '2018-07-28 07:10:36', '2018-07-28 07:10:36'),
(96, 3, 1, 'FACTURA', '084', '2019-07-29 13:31:26', '0.18', '30.00', 'Registrado', '2019-07-29 11:31:26', '2019-07-29 11:31:26'),
(97, 6, 9, 'FACTURA', '085', '2018-07-30 12:00:00', '0.18', '100.00', 'Registrado', '2018-07-30 10:00:00', '2018-07-30 10:00:00');

--
-- Triggers `compras`
--
DELIMITER $$
CREATE TRIGGER `tr_updStockCompraAnular` AFTER UPDATE ON `compras` FOR EACH ROW BEGIN
  UPDATE productos p
    JOIN detalle_compras di
      ON di.idproducto = p.id
     AND di.idcompra = new.id
     set p.stock = p.stock - di.cantidad;
end
$$
DELIMITER ;

-- --------------------------------------------------------

--
-- Table structure for table `detalle_compras`
--

CREATE TABLE `detalle_compras` (
  `id` int(10) UNSIGNED NOT NULL,
  `idcompra` int(10) UNSIGNED NOT NULL,
  `idproducto` int(10) UNSIGNED NOT NULL,
  `cantidad` int(11) NOT NULL,
  `precio` decimal(11,2) NOT NULL
) ENGINE=InnoDB DEFAULT CHARSET=utf8mb4 COLLATE=utf8mb4_unicode_ci;

--
-- Dumping data for table `detalle_compras`
--

INSERT INTO `detalle_compras` (`id`, `idcompra`, `idproducto`, `cantidad`, `precio`) VALUES
(9, 6, 28, 12, '18.00'),
(10, 6, 34, 12, '4.00'),
(11, 6, 33, 12, '1.00'),
(12, 7, 22, 12, '2.50'),
(13, 7, 8, 6, '17.00'),
(14, 7, 7, 12, '1.80'),
(15, 7, 20, 6, '10.00'),
(16, 7, 16, 12, '1.50'),
(17, 8, 74, 24, '4.00'),
(18, 8, 72, 24, '0.30'),
(19, 8, 71, 12, '1.00'),
(48, 15, 85, 12, '2.00'),
(49, 15, 84, 12, '2.50'),
(50, 15, 82, 6, '5.00'),
(51, 15, 38, 12, '17.00'),
(52, 15, 81, 24, '5.00'),
(53, 15, 80, 24, '4.00'),
(54, 15, 78, 24, '2.00'),
(55, 15, 76, 24, '1.00'),
(56, 16, 62, 6, '4.00'),
(57, 16, 61, 24, '5.00'),
(58, 16, 73, 24, '0.30'),
(59, 16, 63, 24, '0.50'),
(60, 17, 12, 6, '18.00'),
(61, 17, 11, 12, '10.00'),
(62, 17, 10, 12, '5.00'),
(63, 17, 9, 24, '2.00'),
(64, 17, 14, 12, '1.50'),
(65, 17, 13, 12, '2.00'),
(66, 17, 15, 12, '2.50'),
(67, 17, 17, 24, '0.30'),
(68, 18, 19, 12, '5.00'),
(69, 18, 18, 12, '2.00'),
(70, 18, 21, 12, '2.00'),
(71, 19, 41, 24, '1.50'),
(72, 19, 40, 24, '0.80'),
(73, 19, 31, 12, '6.00'),
(88, 23, 21, 24, '3.00'),
(89, 23, 15, 24, '2.50'),
(90, 23, 16, 24, '2.00'),
(91, 23, 17, 24, '0.30'),
(92, 23, 19, 24, '6.00'),
(93, 23, 18, 24, '1.80'),
(94, 23, 23, 24, '2.00'),
(95, 23, 14, 24, '1.50'),
(96, 23, 13, 24, '1.80'),
(97, 24, 9, 12, '2.00'),
(98, 24, 17, 24, '0.30'),
(99, 24, 24, 12, '3.00'),
(100, 24, 20, 12, '10.00'),
(101, 24, 8, 12, '18.00'),
(102, 24, 7, 12, '2.00'),
(103, 24, 22, 24, '2.00'),
(117, 26, 50, 12, '0.50'),
(118, 26, 58, 12, '9.00'),
(119, 26, 56, 12, '13.00'),
(120, 26, 55, 12, '7.00'),
(121, 26, 54, 12, '0.80'),
(122, 26, 53, 12, '0.50'),
(123, 27, 62, 12, '4.00'),
(124, 27, 61, 24, '5.00'),
(126, 27, 63, 24, '0.30'),
(127, 27, 72, 24, '0.30'),
(128, 27, 73, 24, '0.30'),
(129, 27, 74, 12, '4.00'),
(135, 29, 28, 12, '18.00'),
(136, 29, 31, 12, '6.00'),
(137, 29, 87, 12, '3.00'),
(138, 29, 88, 12, '2.00'),
(139, 29, 89, 12, '1.50'),
(140, 29, 93, 12, '1.50'),
(141, 29, 92, 12, '2.00'),
(142, 29, 90, 12, '3.00'),
(143, 30, 81, 12, '5.00'),
(144, 30, 80, 12, '4.00'),
(145, 30, 79, 12, '3.00'),
(146, 30, 78, 12, '2.00'),
(147, 30, 77, 12, '1.50'),
(148, 30, 75, 12, '0.80'),
(149, 31, 26, 12, '18.00'),
(150, 31, 25, 12, '20.00'),
(151, 31, 85, 12, '2.00'),
(152, 31, 84, 12, '2.50'),
(153, 31, 82, 12, '5.00'),
(154, 31, 38, 12, '17.00'),
(155, 32, 45, 24, '1.50'),
(156, 32, 42, 24, '0.80'),
(157, 32, 41, 24, '1.50'),
(158, 32, 40, 24, '0.80'),
(159, 32, 43, 24, '7.00'),
(171, 34, 28, 12, '18.00'),
(172, 34, 31, 12, '6.00'),
(173, 34, 32, 12, '3.00'),
(174, 34, 34, 12, '4.00'),
(175, 35, 47, 12, '3.00'),
(176, 35, 41, 12, '1.50'),
(177, 35, 40, 12, '0.80'),
(178, 35, 46, 12, '10.00'),
(186, 38, 73, 24, '0.30'),
(187, 38, 72, 24, '0.30'),
(188, 38, 74, 24, '3.50'),
(189, 38, 71, 24, '0.80'),
(190, 39, 94, 10, '16.00'),
(191, 40, 81, 12, '5.00'),
(192, 40, 80, 12, '4.00'),
(193, 40, 79, 12, '3.00'),
(195, 40, 78, 12, '2.00'),
(196, 40, 76, 12, '1.00'),
(201, 42, 89, 12, '1.50'),
(202, 42, 88, 12, '1.50'),
(203, 42, 87, 12, '2.50'),
(204, 42, 93, 12, '1.50'),
(205, 42, 92, 12, '1.50'),
(206, 42, 90, 12, '2.50'),
(207, 43, 41, 12, '1.50'),
(208, 43, 40, 12, '0.80'),
(209, 43, 50, 12, '0.50'),
(210, 43, 58, 12, '9.00'),
(211, 43, 56, 12, '12.00'),
(212, 43, 55, 12, '6.00'),
(213, 44, 96, 10, '5.00'),
(229, 46, 31, 12, '7.00'),
(230, 46, 28, 12, '17.00'),
(231, 46, 87, 12, '2.50'),
(232, 46, 90, 12, '2.50'),
(233, 46, 93, 12, '1.50'),
(242, 48, 49, 12, '13.00'),
(243, 48, 48, 12, '5.00'),
(244, 48, 56, 12, '13.00'),
(245, 48, 55, 12, '7.00'),
(246, 48, 41, 12, '1.00'),
(247, 48, 40, 12, '0.80'),
(248, 48, 45, 12, '1.00'),
(249, 48, 42, 12, '0.80'),
(250, 48, 43, 12, '8.00'),
(251, 48, 46, 12, '9.00'),
(252, 49, 62, 24, '4.00'),
(253, 49, 61, 24, '5.00'),
(254, 49, 63, 6, '0.30'),
(255, 50, 56, 12, '13.00'),
(256, 50, 41, 12, '1.00'),
(257, 50, 40, 12, '0.80'),
(258, 50, 45, 12, '1.00'),
(259, 50, 42, 12, '0.80'),
(260, 50, 43, 12, '8.00'),
(261, 50, 47, 12, '3.00'),
(262, 50, 46, 12, '10.00'),
(263, 50, 54, 12, '0.50'),
(264, 50, 50, 12, '0.50'),
(265, 50, 53, 12, '0.50'),
(266, 51, 28, 12, '18.00'),
(267, 51, 33, 24, '1.00'),
(268, 51, 34, 12, '3.50'),
(269, 51, 32, 12, '4.00'),
(270, 51, 31, 12, '6.00'),
(280, 53, 22, 12, '2.00'),
(281, 53, 20, 12, '10.00'),
(282, 53, 19, 12, '5.00'),
(283, 53, 18, 12, '1.80'),
(284, 53, 8, 12, '17.00'),
(285, 54, 28, 12, '18.00'),
(286, 54, 31, 12, '6.00'),
(287, 54, 33, 12, '1.00'),
(288, 54, 32, 12, '4.00'),
(289, 54, 34, 12, '3.50'),
(290, 55, 9, 12, '2.50'),
(291, 55, 12, 12, '18.00'),
(292, 55, 11, 12, '10.00'),
(293, 55, 10, 12, '6.00'),
(294, 55, 14, 12, '1.50'),
(295, 55, 13, 12, '1.80'),
(296, 55, 24, 12, '2.50'),
(297, 55, 22, 12, '2.50'),
(298, 56, 9, 12, '2.50'),
(299, 56, 12, 12, '18.00'),
(300, 56, 11, 12, '10.00'),
(301, 56, 10, 12, '6.00'),
(302, 56, 14, 12, '1.50'),
(303, 56, 13, 12, '1.80'),
(304, 56, 24, 12, '2.50'),
(305, 56, 22, 12, '2.50'),
(306, 57, 63, 12, '0.30'),
(307, 58, 63, 12, '0.30'),
(308, 57, 62, 12, '4.00'),
(309, 57, 61, 12, '5.00'),
(310, 57, 71, 24, '1.00'),
(311, 57, 73, 20, '0.30'),
(312, 57, 72, 20, '0.30'),
(313, 58, 62, 12, '4.00'),
(314, 58, 61, 12, '5.00'),
(315, 58, 71, 24, '1.00'),
(316, 58, 73, 20, '0.30'),
(317, 58, 72, 20, '0.30'),
(340, 61, 38, 12, '18.00'),
(341, 61, 81, 12, '5.00'),
(342, 61, 76, 12, '1.00'),
(343, 61, 78, 12, '2.00'),
(344, 61, 80, 12, '4.00'),
(345, 61, 79, 12, '3.00'),
(346, 61, 75, 12, '0.80'),
(347, 62, 56, 12, '13.00'),
(348, 62, 55, 12, '7.00'),
(349, 62, 53, 12, '0.50'),
(350, 62, 54, 12, '0.80'),
(351, 62, 50, 12, '0.50'),
(352, 63, 100, 12, '6.00'),
(353, 63, 99, 12, '1.00'),
(354, 63, 103, 12, '1.00'),
(355, 63, 104, 12, '2.00'),
(356, 63, 105, 12, '3.00'),
(357, 63, 102, 12, '5.00'),
(358, 63, 101, 12, '2.00'),
(359, 64, 102, 12, '5.00'),
(360, 64, 101, 12, '2.00'),
(361, 64, 105, 12, '3.00'),
(362, 64, 104, 12, '2.00'),
(363, 64, 103, 12, '1.00'),
(364, 64, 100, 12, '1.00'),
(365, 64, 99, 12, '6.00'),
(366, 65, 28, 12, '18.00'),
(367, 65, 33, 12, '1.00'),
(368, 65, 31, 12, '6.00'),
(369, 65, 32, 12, '4.00'),
(370, 65, 34, 12, '4.50'),
(383, 68, 95, 20, '1.00'),
(384, 68, 94, 10, '14.00'),
(387, 70, 81, 12, '5.00'),
(388, 70, 80, 12, '4.00'),
(389, 70, 77, 12, '1.50'),
(390, 70, 75, 12, '0.50'),
(394, 73, 54, 24, '7.00'),
(395, 73, 50, 36, '0.40'),
(396, 74, 45, 24, '1.00'),
(397, 74, 46, 24, '11.00'),
(398, 74, 47, 24, '3.00'),
(399, 75, 81, 12, '5.00'),
(400, 75, 80, 12, '4.00'),
(401, 75, 79, 24, '3.00'),
(415, 79, 19, 12, '6.00'),
(416, 79, 20, 12, '11.00'),
(417, 79, 21, 12, '3.00'),
(418, 79, 18, 10, '1.40'),
(419, 79, 22, 12, '2.00'),
(420, 79, 23, 12, '2.00'),
(421, 79, 24, 12, '3.00'),
(422, 80, 34, 12, '4.00'),
(423, 80, 33, 12, '1.00'),
(424, 80, 32, 12, '4.00'),
(425, 80, 31, 12, '7.00'),
(426, 81, 38, 5, '18.00'),
(427, 81, 25, 5, '23.00'),
(428, 81, 26, 5, '19.00'),
(432, 83, 74, 24, '4.00'),
(433, 83, 73, 36, '0.30'),
(434, 83, 72, 36, '0.30'),
(435, 83, 71, 36, '0.50'),
(436, 83, 63, 36, '0.50'),
(437, 84, 58, 12, '10.00'),
(438, 84, 59, 12, '4.00'),
(439, 84, 60, 48, '0.50'),
(441, 86, 28, 12, '19.00'),
(442, 86, 31, 12, '7.00'),
(443, 87, 7, 12, '18.00'),
(444, 87, 8, 12, '1.50'),
(445, 88, 48, 24, '6.00'),
(467, 96, 106, 10, '3.00'),
(468, 97, 99, 100, '0.50'),
(469, 97, 100, 100, '0.50');

--
-- Triggers `detalle_compras`
--
DELIMITER $$
CREATE TRIGGER `tr_updStockCompra` AFTER INSERT ON `detalle_compras` FOR EACH ROW BEGIN
 UPDATE productos SET stock = stock + NEW.cantidad 
 WHERE productos.id = NEW.idproducto;
END
$$
DELIMITER ;

-- --------------------------------------------------------

--
-- Table structure for table `detalle_ventas`
--

CREATE TABLE `detalle_ventas` (
  `id` int(10) UNSIGNED NOT NULL,
  `idventa` int(10) UNSIGNED NOT NULL,
  `idproducto` int(10) UNSIGNED NOT NULL,
  `cantidad` int(11) NOT NULL,
  `precio` decimal(11,2) NOT NULL,
  `descuento` decimal(11,2) NOT NULL,
  `precio_compra` decimal(11,2) NOT NULL
) ENGINE=InnoDB DEFAULT CHARSET=utf8mb4 COLLATE=utf8mb4_unicode_ci;

--
-- Dumping data for table `detalle_ventas`
--

INSERT INTO `detalle_ventas` (`id`, `idventa`, `idproducto`, `cantidad`, `precio`, `descuento`, `precio_compra`) VALUES
(4, 3, 4, 10, '10.00', '0.00', '8.00'),
(6, 4, 28, 1, '20.00', '0.50', '18.00'),
(7, 5, 8, 1, '19.00', '0.50', '18.00'),
(8, 5, 23, 1, '3.00', '0.00', '1.80'),
(9, 5, 20, 1, '12.00', '0.50', '10.00'),
(10, 6, 18, 2, '2.40', '0.00', '1.80'),
(11, 6, 21, 1, '4.00', '0.00', '3.00'),
(12, 6, 20, 1, '12.00', '0.00', '12.00'),
(13, 6, 15, 2, '3.00', '0.00', '2.00'),
(14, 6, 17, 4, '0.50', '0.00', '0.30'),
(15, 7, 74, 2, '5.00', '0.00', '4.00'),
(16, 7, 62, 1, '5.00', '0.00', '4.00'),
(17, 7, 61, 3, '7.00', '0.00', '5.00'),
(18, 7, 63, 2, '1.00', '0.00', '0.80'),
(19, 7, 71, 2, '1.50', '0.00', '0.00'),
(20, 8, 49, 2, '14.00', '0.00', '13.00'),
(21, 9, 41, 10, '2.00', '0.00', '1.00'),
(22, 9, 40, 15, '1.00', '0.00', '0.50'),
(23, 9, 49, 2, '14.00', '0.00', '13.00'),
(24, 9, 31, 2, '8.00', '0.00', '3.00'),
(25, 10, 95, 1, '20.00', '0.00', '10.00'),
(26, 11, 94, 1, '16.00', '0.00', '14.00'),
(27, 12, 94, 1, '16.00', '0.00', '14.00'),
(28, 13, 94, 1, '16.00', '0.00', '15.00'),
(29, 14, 20, 2, '12.00', '0.50', '10.00'),
(30, 14, 23, 1, '3.00', '0.00', '1.80'),
(31, 14, 14, 2, '2.00', '0.00', '1.50'),
(32, 14, 16, 2, '2.50', '0.00', '2.00'),
(33, 14, 7, 2, '2.50', '0.00', '1.80'),
(34, 14, 94, 1, '16.00', '0.50', '14.00'),
(35, 15, 97, 1, '30.00', '0.00', '25.00'),
(36, 16, 97, 1, '30.00', '0.00', '25.00'),
(37, 16, 98, 1, '31.00', '0.00', '27.00'),
(38, 17, 98, 1, '31.00', '0.00', '28.00'),
(39, 17, 95, 1, '20.00', '0.00', '15.00'),
(40, 18, 97, 1, '30.00', '0.00', '25.00'),
(41, 18, 81, 1, '6.00', '0.00', '0.00'),
(42, 19, 96, 1, '5.00', '0.00', '4.00'),
(43, 19, 94, 1, '16.00', '0.00', '15.00'),
(44, 20, 105, 4, '4.00', '0.00', '0.00'),
(45, 20, 104, 4, '3.00', '0.00', '2.00'),
(46, 21, 100, 2, '8.00', '0.00', '6.00'),
(47, 21, 99, 2, '2.00', '0.00', '1.00'),
(48, 21, 101, 5, '3.00', '0.00', '2.00'),
(49, 21, 102, 5, '6.00', '0.00', '5.00'),
(50, 22, 96, 1, '5.00', '0.00', '4.00'),
(52, 22, 95, 3, '20.00', '0.00', '15.00'),
(53, 22, 74, 1, '5.00', '0.00', '0.00'),
(54, 23, 105, 5, '4.00', '0.00', '0.00'),
(55, 24, 102, 2, '6.00', '0.00', '5.00'),
(56, 24, 101, 1, '3.00', '0.00', '2.00'),
(57, 25, 98, 3, '31.00', '0.00', '28.00'),
(58, 26, 96, 2, '5.00', '0.00', '4.00'),
(59, 27, 95, 3, '20.00', '0.00', '15.00'),
(60, 28, 90, 1, '3.50', '0.00', '2.00'),
(61, 29, 89, 1, '2.00', '0.00', '1.00'),
(62, 29, 88, 1, '2.50', '0.00', '2.00'),
(63, 30, 85, 1, '2.50', '0.00', '2.00'),
(64, 30, 87, 1, '3.50', '0.00', '2.00'),
(65, 31, 81, 2, '6.00', '0.00', '0.00'),
(66, 32, 74, 3, '5.00', '0.00', '0.00'),
(67, 33, 73, 120, '0.50', '0.00', '0.00'),
(68, 34, 106, 5, '4.00', '0.00', '0.00'),
(69, 133, 100, 4, '8.00', '0.00', '6.00'),
(70, 133, 97, 3, '30.00', '0.00', '27.00'),
(71, 133, 103, 16, '2.00', '0.00', '1.00'),
(72, 134, 100, 4, '8.00', '0.00', '6.00'),
(73, 134, 97, 3, '30.00', '0.00', '27.00'),
(74, 134, 103, 16, '2.00', '0.00', '1.00'),
(75, 135, 100, 4, '8.00', '0.00', '6.00'),
(76, 135, 97, 3, '30.00', '0.00', '27.00'),
(77, 136, 100, 4, '8.00', '0.00', '6.00'),
(78, 135, 103, 16, '2.00', '0.00', '1.00'),
(79, 136, 97, 3, '30.00', '0.00', '27.00'),
(80, 136, 103, 16, '2.00', '0.00', '1.00'),
(81, 137, 58, 3, '12.00', '0.00', '0.00'),
(82, 137, 59, 3, '6.00', '0.00', '0.00'),
(83, 137, 60, 2, '2.00', '0.00', '0.00'),
(84, 137, 40, 5, '2.00', '0.00', '0.50'),
(85, 137, 53, 3, '1.00', '0.00', '0.00'),
(86, 137, 104, 3, '4.00', '0.00', '3.00'),
(87, 138, 59, 3, '6.00', '0.00', '0.00'),
(88, 138, 102, 2, '6.00', '0.00', '5.00'),
(89, 138, 101, 2, '4.00', '0.00', '3.00'),
(90, 138, 97, 1, '30.00', '0.00', '27.00'),
(91, 138, 105, 2, '4.00', '0.00', '0.00'),
(92, 139, 28, 1, '20.00', '0.00', '18.00'),
(93, 139, 32, 3, '5.00', '0.00', '3.00'),
(94, 139, 90, 2, '3.50', '0.00', '2.00'),
(95, 139, 87, 1, '3.50', '0.00', '2.00'),
(96, 139, 95, 1, '20.00', '0.00', '15.00'),
(97, 139, 98, 1, '31.00', '0.00', '28.00'),
(98, 140, 85, 2, '2.50', '0.00', '2.00'),
(99, 140, 84, 1, '3.50', '0.00', '2.80'),
(100, 140, 82, 2, '7.00', '0.00', '6.00'),
(101, 140, 81, 3, '6.00', '0.00', '0.00'),
(102, 140, 78, 2, '3.00', '0.00', '0.00'),
(103, 140, 79, 3, '4.00', '0.00', '0.00'),
(104, 140, 77, 2, '2.50', '0.00', '0.00'),
(105, 141, 79, 6, '4.00', '0.00', '0.00'),
(106, 141, 26, 4, '20.00', '0.00', '18.00'),
(107, 142, 75, 4, '2.00', '0.00', '0.00'),
(108, 142, 85, 4, '2.50', '0.00', '2.00'),
(109, 142, 26, 2, '20.00', '0.00', '18.00'),
(110, 143, 8, 2, '19.00', '0.00', '18.00'),
(111, 143, 23, 2, '3.00', '0.00', '1.80'),
(112, 143, 20, 3, '12.00', '0.00', '10.00'),
(113, 143, 14, 1, '2.00', '0.00', '1.50'),
(114, 143, 13, 1, '2.50', '0.00', '1.80'),
(115, 143, 15, 3, '3.00', '0.00', '2.00'),
(116, 144, 42, 3, '1.00', '0.00', '0.50'),
(117, 144, 43, 7, '10.00', '0.00', '5.00'),
(118, 145, 9, 3, '3.80', '0.00', '2.50'),
(119, 145, 20, 2, '12.00', '0.00', '10.00'),
(120, 145, 28, 1, '20.00', '0.00', '18.00'),
(121, 145, 46, 2, '12.00', '0.00', '11.00'),
(122, 146, 106, 3, '4.00', '0.00', '0.00'),
(123, 146, 32, 4, '5.00', '0.00', '3.00'),
(124, 146, 92, 1, '2.50', '0.00', '2.00'),
(125, 146, 33, 3, '2.00', '0.00', '1.00'),
(126, 146, 97, 1, '30.00', '0.00', '27.00'),
(127, 147, 40, 10, '1.00', '0.00', '0.50'),
(128, 147, 23, 3, '3.00', '0.00', '1.80'),
(129, 147, 20, 8, '12.00', '0.00', '10.00'),
(130, 148, 94, 2, '16.00', '0.00', '15.00'),
(131, 148, 60, 2, '1.50', '0.00', '0.00'),
(132, 148, 14, 3, '2.00', '0.00', '1.50'),
(133, 148, 96, 2, '5.00', '0.00', '4.00'),
(134, 148, 95, 1, '20.00', '0.00', '15.00'),
(135, 149, 74, 3, '5.00', '0.00', '0.00'),
(136, 149, 95, 2, '20.00', '0.00', '15.00'),
(137, 149, 62, 3, '5.00', '0.00', '0.00'),
(138, 150, 8, 2, '19.00', '0.00', '18.00'),
(139, 150, 11, 2, '12.00', '0.00', '10.00'),
(140, 150, 12, 2, '20.00', '0.00', '18.00'),
(141, 151, 47, 4, '4.00', '0.00', '2.00'),
(142, 151, 53, 7, '1.00', '0.00', '0.00'),
(143, 151, 63, 4, '1.00', '0.00', '0.00'),
(144, 151, 73, 6, '0.50', '0.00', '0.00'),
(145, 151, 72, 6, '0.50', '0.00', '0.00'),
(146, 151, 71, 2, '1.50', '0.00', '0.00'),
(147, 151, 40, 10, '2.00', '0.00', '0.50'),
(148, 151, 45, 3, '2.00', '0.00', '1.00'),
(149, 152, 56, 1, '15.00', '0.00', '0.00'),
(150, 152, 55, 1, '8.00', '0.00', '0.00'),
(151, 152, 58, 2, '11.00', '0.00', '0.00'),
(152, 152, 100, 1, '8.00', '0.00', '6.00'),
(153, 152, 106, 1, '4.00', '0.00', '0.00'),
(154, 152, 50, 4, '0.80', '0.00', '0.40'),
(155, 152, 53, 3, '0.80', '0.00', '0.00'),
(156, 152, 102, 1, '6.00', '0.00', '5.00'),
(157, 152, 101, 1, '3.00', '0.00', '2.00'),
(158, 153, 28, 1, '20.00', '0.00', '18.00'),
(159, 153, 32, 1, '5.00', '0.00', '3.00'),
(160, 153, 82, 1, '7.00', '0.00', '6.50'),
(161, 153, 80, 3, '5.00', '0.00', '0.00'),
(162, 153, 25, 1, '24.00', '0.00', '20.00'),
(163, 154, 8, 1, '19.00', '0.00', '18.00'),
(164, 154, 12, 1, '20.00', '0.00', '18.00'),
(165, 154, 16, 1, '2.50', '0.00', '2.00'),
(166, 154, 20, 1, '12.00', '0.00', '10.00'),
(167, 154, 15, 1, '3.00', '0.00', '2.00'),
(168, 154, 21, 1, '4.00', '0.00', '3.00'),
(169, 155, 24, 2, '4.00', '0.00', '2.50'),
(170, 155, 23, 2, '3.00', '0.00', '1.80'),
(171, 155, 18, 3, '2.40', '0.00', '1.80'),
(172, 155, 17, 4, '0.50', '0.00', '0.30'),
(173, 155, 94, 1, '16.00', '0.00', '15.00'),
(174, 155, 21, 1, '4.00', '0.00', '3.50'),
(175, 155, 95, 1, '20.00', '0.00', '15.00'),
(176, 156, 7, 1, '2.50', '0.00', '1.80'),
(177, 156, 18, 1, '2.40', '0.00', '1.80'),
(178, 156, 13, 2, '2.50', '0.00', '1.80'),
(179, 156, 22, 2, '3.00', '0.00', '1.50'),
(180, 156, 16, 2, '2.50', '0.00', '2.00'),
(181, 156, 11, 2, '12.00', '0.00', '10.00'),
(182, 156, 24, 2, '4.00', '0.00', '2.50'),
(183, 156, 94, 1, '16.00', '0.00', '15.00'),
(184, 157, 15, 3, '3.00', '0.00', '2.00'),
(185, 157, 13, 2, '2.50', '0.00', '1.80'),
(186, 157, 24, 2, '4.00', '0.00', '2.50'),
(187, 157, 18, 2, '2.40', '0.00', '1.80'),
(188, 157, 22, 2, '3.00', '0.00', '1.50'),
(189, 157, 94, 1, '16.00', '0.00', '14.00'),
(190, 157, 71, 1, '1.50', '0.00', '0.00'),
(191, 157, 72, 6, '0.50', '0.00', '0.00'),
(192, 157, 73, 6, '0.50', '0.00', '0.00'),
(193, 157, 74, 1, '5.00', '0.00', '0.00'),
(194, 158, 74, 1, '5.00', '0.00', '0.00'),
(195, 158, 73, 1, '0.50', '0.00', '0.00'),
(196, 158, 72, 1, '0.50', '0.00', '0.00'),
(197, 158, 16, 1, '2.50', '0.00', '2.00'),
(198, 158, 14, 1, '2.00', '0.00', '1.50'),
(199, 158, 11, 1, '12.00', '0.00', '10.00'),
(200, 158, 22, 1, '3.00', '0.00', '1.50'),
(201, 158, 7, 1, '2.50', '0.00', '1.80'),
(202, 158, 17, 1, '0.50', '0.00', '0.30'),
(203, 158, 94, 1, '16.00', '0.00', '15.00'),
(204, 158, 95, 1, '20.00', '0.00', '15.00'),
(205, 159, 95, 1, '20.00', '0.00', '15.00'),
(206, 159, 22, 1, '3.00', '0.00', '1.50'),
(207, 159, 8, 1, '19.00', '0.00', '17.00'),
(208, 159, 11, 1, '12.00', '0.00', '10.00'),
(209, 159, 13, 1, '2.50', '0.00', '1.80'),
(210, 159, 24, 1, '4.00', '0.00', '2.50'),
(211, 160, 9, 1, '3.80', '0.00', '2.50'),
(212, 160, 13, 2, '2.50', '0.00', '1.80'),
(213, 160, 22, 2, '3.00', '0.00', '1.50'),
(214, 160, 7, 2, '2.50', '0.00', '1.80'),
(215, 160, 18, 1, '2.40', '0.00', '1.80'),
(216, 160, 94, 2, '16.00', '0.00', '15.00'),
(217, 160, 95, 1, '20.00', '0.00', '15.00'),
(218, 161, 12, 1, '20.00', '0.00', '18.00'),
(219, 161, 20, 1, '12.00', '0.00', '10.00'),
(220, 161, 15, 1, '3.00', '0.00', '2.00'),
(221, 161, 24, 1, '4.00', '0.00', '2.50'),
(222, 161, 7, 1, '2.50', '0.00', '1.80'),
(223, 161, 18, 1, '2.40', '0.00', '1.80'),
(224, 161, 94, 1, '16.00', '0.00', '15.00'),
(225, 161, 95, 1, '20.00', '0.00', '16.00'),
(226, 162, 100, 2, '8.00', '0.00', '6.00'),
(227, 162, 60, 2, '1.50', '0.00', '0.00'),
(228, 162, 59, 2, '5.00', '0.00', '0.00'),
(229, 162, 45, 1, '2.00', '0.00', '1.00'),
(230, 163, 11, 2, '12.00', '0.00', '10.00'),
(231, 163, 7, 3, '2.50', '0.50', '2.00'),
(232, 163, 94, 1, '16.00', '0.00', '13.00'),
(233, 163, 95, 1, '20.00', '0.50', '17.00'),
(234, 163, 73, 6, '0.50', '0.00', '0.00'),
(235, 163, 72, 6, '0.50', '0.00', '0.00'),
(236, 164, 98, 2, '31.00', '0.00', '28.00'),
(237, 164, 97, 1, '30.00', '0.00', '27.00'),
(238, 164, 95, 2, '20.00', '0.00', '16.00'),
(239, 165, 98, 1, '31.00', '0.00', '28.00'),
(240, 165, 95, 2, '20.00', '0.00', '16.00'),
(241, 165, 87, 1, '3.50', '0.00', '2.00'),
(242, 165, 90, 1, '3.50', '0.00', '2.80'),
(243, 165, 74, 1, '5.00', '0.00', '0.00'),
(244, 166, 7, 4, '2.50', '0.00', '1.80'),
(245, 166, 22, 2, '3.00', '0.00', '1.50'),
(246, 166, 24, 2, '4.00', '0.00', '2.50'),
(247, 166, 13, 1, '2.50', '0.00', '1.80'),
(248, 166, 20, 1, '12.00', '0.00', '10.00'),
(249, 166, 18, 1, '2.40', '0.00', '1.80'),
(250, 166, 94, 1, '16.00', '0.00', '15.00'),
(251, 166, 9, 1, '3.80', '0.00', '2.50'),
(252, 167, 4, 10, '10.00', '10.00', '8.00'),
(253, 168, 9, 3, '3.80', '0.00', '2.50'),
(254, 168, 20, 2, '12.00', '0.00', '10.00'),
(255, 168, 13, 1, '2.50', '0.00', '1.80'),
(256, 168, 7, 2, '2.50', '0.00', '1.80'),
(257, 168, 18, 3, '2.40', '0.00', '1.80'),
(258, 168, 95, 1, '20.00', '0.00', '15.00'),
(259, 168, 22, 2, '3.00', '0.00', '1.50'),
(260, 168, 16, 2, '2.50', '0.00', '2.00'),
(261, 168, 15, 1, '3.00', '0.00', '2.00'),
(262, 169, 106, 1, '4.00', '0.00', '0.00'),
(263, 169, 105, 5, '4.00', '0.00', '0.00'),
(264, 169, 104, 5, '3.00', '0.00', '2.00'),
(265, 169, 100, 2, '8.00', '0.00', '6.00'),
(266, 170, 15, 1, '3.00', '0.00', '2.00'),
(267, 170, 12, 1, '20.00', '0.00', '18.00'),
(268, 170, 16, 1, '2.50', '0.00', '2.00'),
(269, 170, 13, 1, '2.50', '0.00', '1.80'),
(270, 170, 20, 1, '12.00', '0.00', '10.00'),
(271, 170, 9, 1, '3.80', '0.00', '2.50'),
(272, 170, 24, 1, '4.00', '0.00', '2.50'),
(273, 170, 94, 1, '16.00', '0.00', '13.00'),
(274, 170, 95, 1, '20.00', '0.00', '15.00'),
(275, 171, 59, 1, '5.00', '0.00', '0.00'),
(276, 171, 98, 1, '31.00', '0.00', '28.00'),
(277, 171, 93, 1, '2.00', '0.00', '1.00'),
(278, 172, 4, 10, '10.00', '10.00', '8.00'),
(279, 173, 95, 1, '20.00', '0.00', '15.00'),
(280, 173, 94, 1, '16.00', '0.00', '14.00'),
(281, 173, 11, 1, '12.00', '0.00', '10.00'),
(282, 173, 7, 1, '2.50', '0.00', '1.80'),
(283, 173, 16, 1, '2.50', '0.00', '2.00'),
(284, 173, 13, 1, '2.50', '0.00', '1.80'),
(285, 173, 20, 1, '12.00', '0.00', '11.00'),
(286, 173, 15, 1, '3.00', '0.00', '2.00'),
(287, 173, 18, 1, '2.40', '0.00', '1.80'),
(288, 174, 18, 1, '2.40', '0.00', '1.80'),
(289, 174, 11, 1, '12.00', '0.00', '10.00'),
(290, 174, 7, 1, '2.50', '0.00', '2.00'),
(291, 174, 94, 1, '16.00', '0.00', '14.00'),
(292, 174, 95, 1, '20.00', '0.00', '15.00'),
(293, 174, 14, 1, '2.00', '0.00', '1.50'),
(294, 174, 24, 1, '4.00', '0.00', '2.50'),
(295, 174, 15, 1, '3.00', '0.00', '2.00'),
(296, 175, 96, 1, '5.00', '0.00', '4.00'),
(297, 175, 74, 1, '5.00', '0.00', '0.00'),
(298, 175, 3, 1, '50.00', '5.00', '45.00'),
(299, 175, 95, 1, '20.00', '0.00', '15.00'),
(300, 176, 15, 1, '3.00', '0.00', '2.00'),
(301, 176, 11, 2, '12.00', '0.00', '10.00'),
(302, 176, 7, 1, '2.50', '0.00', '2.00'),
(303, 176, 16, 1, '2.50', '0.00', '2.00'),
(304, 176, 19, 2, '7.00', '0.00', '5.00'),
(305, 176, 24, 2, '4.00', '0.00', '2.50'),
(306, 177, 94, 1, '16.00', '0.00', '15.00'),
(307, 176, 17, 4, '0.50', '0.00', '0.30'),
(308, 177, 85, 1, '2.50', '0.00', '2.00'),
(309, 176, 22, 1, '3.00', '0.00', '1.50'),
(310, 177, 81, 1, '6.00', '0.00', '0.00'),
(311, 176, 21, 1, '4.00', '0.00', '3.50'),
(312, 177, 78, 1, '3.00', '0.00', '0.00'),
(313, 177, 79, 1, '4.00', '0.00', '0.00'),
(314, 177, 80, 1, '5.00', '0.00', '0.00'),
(315, 177, 77, 1, '2.50', '0.00', '0.00'),
(316, 177, 76, 1, '2.00', '0.00', '0.00'),
(317, 177, 75, 1, '1.00', '0.00', '0.00'),
(318, 178, 106, 1, '4.00', '0.00', '0.00'),
(319, 178, 105, 5, '4.00', '0.00', '0.00'),
(320, 178, 104, 5, '3.00', '0.00', '2.00'),
(321, 178, 100, 1, '8.00', '0.00', '6.00'),
(322, 179, 4, 10, '10.00', '10.00', '8.00'),
(323, 180, 21, 1, '4.00', '0.00', '3.00'),
(324, 180, 13, 1, '2.50', '0.00', '1.80'),
(325, 180, 22, 1, '3.00', '0.00', '1.50'),
(326, 180, 15, 1, '3.00', '0.00', '2.00'),
(327, 180, 16, 1, '2.50', '0.00', '2.00'),
(328, 180, 9, 2, '3.80', '0.00', '2.50'),
(329, 180, 8, 1, '19.00', '0.00', '17.00'),
(330, 180, 94, 2, '16.00', '0.00', '12.00'),
(345, 188, 94, 1, '16.00', '0.00', '12.00'),
(347, 188, 95, 1, '20.00', '0.00', '15.00'),
(348, 188, 9, 1, '3.80', '0.00', '2.50'),
(349, 188, 15, 1, '3.00', '0.00', '2.00'),
(350, 188, 14, 1, '2.00', '0.00', '1.50'),
(351, 188, 11, 1, '12.00', '0.00', '10.00'),
(352, 188, 7, 1, '2.50', '0.50', '2.00'),
(353, 188, 16, 1, '2.50', '0.00', '2.00'),
(354, 188, 22, 1, '3.00', '0.00', '1.50'),
(355, 188, 17, 5, '0.50', '0.00', '0.30'),
(356, 189, 5, 1, '60.00', '0.00', '55.00'),
(357, 190, 106, 1, '4.00', '0.00', '0.00'),
(358, 190, 98, 1, '31.00', '0.00', '28.00'),
(359, 190, 49, 1, '14.00', '0.00', '13.00'),
(360, 191, 81, 1, '6.00', '0.00', '0.00'),
(361, 191, 80, 1, '5.00', '0.00', '0.00'),
(362, 191, 79, 1, '4.00', '0.00', '0.00'),
(363, 191, 78, 1, '3.00', '0.00', '0.00'),
(364, 191, 77, 1, '2.50', '0.00', '0.00'),
(365, 191, 76, 1, '2.00', '0.00', '0.00'),
(366, 191, 75, 1, '1.00', '0.00', '0.00'),
(367, 192, 61, 3, '7.00', '0.00', '0.00'),
(368, 192, 62, 2, '5.00', '0.00', '0.00'),
(369, 192, 73, 10, '0.50', '0.00', '0.00'),
(370, 192, 71, 1, '1.50', '0.00', '0.00'),
(371, 192, 63, 1, '1.00', '0.00', '0.00'),
(372, 192, 74, 2, '5.00', '0.00', '0.00'),
(373, 192, 96, 2, '5.00', '0.00', '4.00'),
(374, 192, 72, 10, '0.50', '0.00', '0.00'),
(375, 193, 81, 1, '6.00', '0.00', '0.00'),
(376, 193, 80, 1, '5.00', '0.00', '0.00'),
(377, 193, 79, 1, '4.00', '0.00', '0.00'),
(378, 193, 78, 1, '3.00', '0.00', '0.00'),
(379, 193, 77, 1, '2.50', '0.00', '0.00'),
(380, 193, 76, 1, '2.00', '0.00', '0.00'),
(381, 193, 75, 1, '1.00', '0.00', '0.00'),
(382, 194, 6, 4, '71.00', '60.00', '68.00'),
(383, 195, 11, 1, '12.00', '0.00', '9.00'),
(384, 195, 95, 1, '20.00', '0.00', '15.00'),
(385, 195, 14, 1, '2.00', '0.00', '1.50'),
(386, 195, 13, 1, '2.50', '0.00', '1.80'),
(387, 196, 72, 10, '0.50', '0.00', '0.00'),
(388, 196, 73, 10, '0.50', '0.00', '0.00'),
(389, 196, 96, 3, '5.00', '0.00', '4.00'),
(390, 196, 63, 6, '1.00', '0.00', '0.00'),
(391, 196, 62, 2, '5.00', '0.00', '0.00'),
(392, 196, 71, 4, '1.50', '0.00', '0.00'),
(393, 196, 74, 3, '5.00', '0.00', '0.00'),
(394, 197, 62, 1, '5.00', '0.00', '0.00'),
(395, 197, 61, 1, '7.00', '0.00', '0.00'),
(396, 197, 3, 1, '50.00', '0.00', '45.00'),
(397, 198, 74, 1, '5.00', '0.00', '0.00'),
(398, 198, 73, 10, '0.50', '0.00', '0.00'),
(399, 198, 72, 10, '0.50', '0.00', '0.00'),
(400, 198, 63, 1, '1.00', '0.00', '0.00'),
(401, 198, 71, 3, '1.50', '0.00', '0.00'),
(402, 198, 96, 1, '5.00', '0.00', '4.00'),
(403, 198, 94, 1, '16.00', '0.00', '14.00'),
(404, 198, 95, 1, '20.00', '0.00', '15.00'),
(405, 199, 95, 1, '20.00', '0.00', '15.00'),
(406, 199, 94, 1, '16.00', '0.00', '14.00'),
(407, 199, 63, 1, '1.00', '0.00', '0.00'),
(408, 199, 74, 1, '5.00', '0.00', '0.00'),
(409, 199, 73, 1, '0.50', '0.00', '0.00'),
(410, 199, 72, 1, '0.50', '0.00', '0.00'),
(411, 199, 71, 1, '1.50', '0.00', '0.00'),
(412, 199, 96, 1, '5.00', '0.00', '4.00'),
(413, 199, 16, 1, '2.50', '0.00', '2.00'),
(414, 199, 13, 1, '2.50', '0.00', '1.80'),
(415, 199, 10, 1, '7.00', '0.00', '5.00'),
(416, 200, 3, 1, '50.00', '0.00', '45.00'),
(417, 201, 9, 3, '3.80', '0.00', '2.50'),
(418, 201, 74, 1, '5.00', '0.00', '0.00'),
(419, 201, 73, 12, '0.50', '0.00', '0.00'),
(420, 201, 72, 12, '0.50', '0.00', '0.00'),
(421, 201, 96, 3, '5.00', '0.00', '4.00'),
(422, 201, 71, 3, '1.50', '0.00', '0.00'),
(423, 201, 16, 2, '2.50', '0.00', '2.00'),
(424, 201, 22, 1, '3.00', '0.00', '1.50'),
(425, 201, 13, 2, '2.50', '0.00', '1.80'),
(426, 202, 13, 1, '2.50', '0.00', '1.80'),
(427, 202, 9, 3, '3.80', '0.00', '2.50'),
(428, 202, 18, 3, '2.40', '0.00', '1.80'),
(429, 202, 63, 4, '1.00', '0.00', '0.00'),
(430, 202, 74, 1, '5.00', '0.00', '0.00'),
(431, 202, 71, 1, '1.50', '0.00', '0.00'),
(432, 202, 72, 12, '0.50', '0.00', '0.00'),
(433, 202, 73, 12, '0.50', '0.00', '0.00'),
(434, 202, 96, 2, '5.00', '0.00', '4.00'),
(435, 202, 7, 2, '2.50', '0.00', '2.00'),
(436, 203, 95, 1, '20.00', '0.00', '15.00'),
(437, 203, 60, 1, '1.50', '0.00', '0.00'),
(438, 203, 6, 1, '71.00', '10.00', '55.00'),
(439, 204, 98, 1, '31.00', '0.00', '28.00'),
(440, 204, 97, 1, '30.00', '0.00', '27.00'),
(441, 204, 100, 1, '8.00', '0.00', '6.00'),
(442, 204, 106, 1, '4.00', '0.00', '0.00'),
(443, 205, 7, 1, '2.50', '0.00', '2.00'),
(444, 205, 9, 1, '3.80', '0.00', '2.50'),
(445, 205, 13, 1, '2.50', '0.00', '1.80'),
(446, 205, 22, 1, '3.00', '0.00', '1.50'),
(447, 205, 94, 1, '16.00', '0.00', '14.00'),
(448, 205, 95, 1, '20.00', '0.00', '15.00'),
(449, 205, 63, 1, '1.00', '0.00', '0.00'),
(450, 205, 71, 2, '1.50', '0.00', '0.00'),
(451, 205, 18, 1, '2.40', '0.00', '1.80'),
(452, 205, 72, 12, '0.50', '0.00', '0.00'),
(453, 205, 73, 12, '0.50', '0.00', '0.00'),
(454, 206, 89, 1, '2.00', '0.00', '1.00'),
(455, 206, 93, 1, '2.00', '0.00', '1.00'),
(456, 206, 94, 2, '16.00', '0.00', '14.00'),
(457, 206, 11, 1, '12.00', '0.00', '9.00'),
(458, 207, 73, 12, '0.50', '0.00', '0.00'),
(459, 207, 72, 12, '0.50', '0.00', '0.00'),
(460, 207, 94, 1, '16.00', '0.00', '14.00'),
(461, 207, 13, 1, '2.50', '0.00', '1.80'),
(462, 207, 63, 1, '1.00', '0.00', '0.00'),
(463, 207, 74, 1, '5.00', '0.00', '0.00'),
(464, 207, 10, 1, '7.00', '0.00', '5.00'),
(465, 207, 19, 1, '7.00', '0.00', '5.00'),
(466, 207, 16, 1, '2.50', '0.00', '2.00'),
(467, 207, 95, 1, '20.00', '0.00', '15.00'),
(468, 208, 50, 1, '0.80', '0.00', '0.40'),
(469, 208, 53, 1, '0.80', '0.00', '0.00'),
(470, 208, 54, 2, '1.00', '0.00', '0.00'),
(471, 208, 106, 1, '4.00', '0.00', '0.00'),
(472, 208, 55, 2, '8.00', '0.00', '0.00'),
(473, 208, 56, 2, '15.00', '0.00', '0.00'),
(474, 208, 100, 1, '8.00', '0.00', '6.00'),
(475, 208, 59, 1, '5.00', '0.00', '0.00'),
(476, 209, 60, 1, '1.50', '0.00', '0.00'),
(477, 209, 56, 2, '15.00', '0.00', '0.00'),
(478, 209, 55, 1, '8.00', '0.00', '0.00'),
(479, 209, 105, 1, '4.00', '0.00', '0.00'),
(480, 209, 104, 1, '3.00', '0.00', '2.00'),
(481, 209, 53, 1, '0.80', '0.00', '0.00'),
(482, 209, 50, 2, '0.80', '0.00', '0.40'),
(483, 209, 106, 1, '4.00', '0.00', '0.00'),
(484, 209, 58, 1, '11.00', '0.00', '0.00'),
(485, 209, 100, 1, '8.00', '0.00', '6.00'),
(486, 210, 106, 1, '4.00', '0.00', '0.00'),
(487, 210, 53, 2, '0.80', '0.00', '0.00'),
(488, 210, 104, 2, '3.00', '0.00', '2.00'),
(489, 210, 50, 2, '0.80', '0.00', '0.40'),
(490, 210, 101, 1, '3.00', '0.00', '2.00'),
(491, 210, 54, 1, '1.00', '0.00', '0.00'),
(492, 210, 102, 1, '6.00', '0.00', '5.00'),
(493, 210, 60, 1, '1.50', '0.00', '0.00'),
(494, 210, 58, 1, '11.00', '0.00', '0.00'),
(495, 210, 56, 2, '15.00', '0.00', '0.00'),
(496, 210, 55, 1, '8.00', '0.00', '0.00'),
(497, 211, 58, 1, '11.00', '0.00', '0.00'),
(498, 211, 56, 1, '15.00', '0.00', '0.00'),
(499, 211, 55, 1, '8.00', '0.00', '0.00'),
(500, 211, 53, 1, '0.80', '0.00', '0.00'),
(501, 211, 104, 2, '3.00', '0.00', '2.00'),
(502, 211, 50, 1, '0.80', '0.00', '0.40'),
(503, 211, 54, 1, '1.00', '0.00', '0.00'),
(504, 211, 102, 1, '6.00', '0.00', '5.00'),
(505, 211, 101, 2, '3.00', '0.00', '2.00'),
(506, 211, 106, 1, '4.00', '0.00', '0.00'),
(507, 211, 59, 1, '5.00', '0.00', '0.00'),
(508, 212, 60, 1, '1.50', '0.00', '0.00'),
(509, 212, 41, 1, '2.00', '0.00', '1.00'),
(510, 212, 40, 1, '1.00', '0.00', '0.50'),
(511, 212, 105, 2, '4.00', '0.00', '0.00'),
(512, 212, 104, 2, '3.00', '0.00', '2.00'),
(513, 212, 53, 2, '0.80', '0.00', '0.00'),
(514, 212, 58, 2, '11.00', '0.00', '0.00'),
(515, 212, 56, 1, '15.00', '0.00', '0.00'),
(516, 212, 55, 1, '8.00', '0.00', '0.00'),
(517, 212, 101, 1, '3.00', '0.00', '2.00'),
(518, 212, 54, 1, '1.00', '0.00', '0.00'),
(519, 213, 54, 2, '1.00', '0.00', '0.00'),
(520, 213, 53, 6, '0.80', '0.00', '0.00'),
(521, 213, 50, 5, '0.80', '0.00', '0.40'),
(522, 213, 58, 1, '11.00', '0.00', '0.00'),
(523, 213, 56, 2, '15.00', '0.00', '0.00'),
(524, 213, 55, 1, '8.00', '0.00', '0.00'),
(525, 213, 40, 1, '1.00', '0.00', '0.50'),
(526, 213, 59, 1, '5.00', '0.00', '0.00'),
(527, 214, 40, 1, '1.00', '0.00', '0.50'),
(528, 214, 48, 1, '7.00', '0.00', '5.00'),
(529, 214, 106, 0, '4.00', '0.00', '0.00'),
(530, 214, 54, 2, '1.00', '0.00', '0.00'),
(531, 214, 102, 0, '6.00', '0.00', '5.00'),
(532, 214, 56, 3, '15.00', '0.00', '0.00'),
(533, 214, 55, 2, '8.00', '0.00', '0.00'),
(534, 214, 59, 1, '5.00', '0.00', '0.00'),
(535, 215, 105, 1, '4.00', '0.00', '3.00'),
(536, 215, 106, 1, '4.00', '0.00', '3.00'),
(537, 215, 104, 5, '3.00', '0.00', '1.50'),
(538, 215, 102, 5, '6.00', '0.00', '5.00'),
(539, 215, 100, 1, '8.00', '0.00', '6.00'),
(540, 216, 47, 1, '4.00', '0.00', '2.00'),
(541, 216, 48, 1, '7.00', '0.00', '5.00'),
(542, 216, 97, 1, '30.00', '0.00', '27.00'),
(543, 216, 43, 1, '10.00', '0.00', '5.00'),
(544, 216, 45, 1, '2.00', '0.00', '1.00'),
(545, 216, 98, 1, '31.00', '0.00', '28.00'),
(546, 217, 98, 1, '31.00', '0.00', '28.00'),
(547, 217, 97, 1, '30.00', '0.00', '27.00'),
(548, 217, 95, 1, '20.00', '0.00', '15.00'),
(549, 218, 98, 1, '31.00', '0.00', '28.00'),
(550, 218, 95, 1, '20.00', '0.00', '15.00'),
(551, 218, 90, 1, '3.50', '0.00', '2.00'),
(552, 218, 87, 1, '3.50', '0.00', '2.00'),
(553, 219, 98, 1, '31.00', '0.00', '28.00'),
(554, 219, 47, 1, '4.00', '0.00', '2.00'),
(555, 219, 45, 1, '2.00', '0.00', '1.00'),
(556, 219, 43, 1, '10.00', '0.00', '5.00'),
(557, 219, 46, 1, '12.00', '0.00', '11.00'),
(558, 219, 49, 1, '14.00', '0.00', '13.00'),
(559, 219, 59, 1, '5.00', '0.00', '0.00'),
(560, 219, 58, 1, '11.00', '0.00', '0.00'),
(561, 220, 4, 10, '10.00', '10.00', '8.00'),
(562, 221, 58, 1, '11.00', '0.00', '0.00'),
(563, 221, 60, 1, '1.50', '0.00', '0.00'),
(564, 221, 74, 1, '5.00', '0.00', '0.00'),
(565, 221, 46, 1, '12.00', '0.00', '11.00'),
(566, 221, 45, 1, '2.00', '0.00', '1.00'),
(567, 221, 97, 1, '30.00', '0.00', '27.00'),
(568, 221, 47, 1, '4.00', '0.00', '2.00'),
(569, 221, 93, 1, '2.00', '0.00', '1.00'),
(570, 221, 92, 1, '2.50', '0.00', '2.00'),
(571, 222, 92, 1, '2.50', '0.00', '2.00'),
(572, 222, 45, 1, '2.00', '0.00', '1.00'),
(573, 222, 49, 1, '14.00', '0.00', '13.00'),
(574, 222, 59, 1, '5.00', '0.00', '0.00'),
(575, 222, 58, 1, '11.00', '0.00', '0.00'),
(576, 222, 46, 1, '12.00', '0.00', '11.00'),
(577, 222, 97, 1, '30.00', '0.00', '27.00'),
(578, 222, 40, 1, '1.00', '0.00', '0.50'),
(579, 222, 43, 1, '10.00', '0.00', '5.00'),
(580, 223, 43, 2, '10.00', '0.00', '5.00'),
(581, 223, 59, 2, '5.00', '0.00', '0.00'),
(582, 223, 40, 6, '1.00', '0.00', '0.50'),
(583, 223, 45, 2, '2.00', '0.00', '1.00'),
(584, 223, 46, 2, '12.00', '0.00', '11.00'),
(585, 224, 4, 10, '10.00', '10.00', '8.00'),
(586, 225, 46, 1, '12.00', '0.00', '11.00'),
(587, 225, 47, 1, '4.00', '0.00', '2.00'),
(588, 225, 45, 1, '2.00', '0.00', '1.00'),
(589, 225, 58, 1, '11.00', '0.00', '0.00'),
(590, 225, 97, 1, '30.00', '0.00', '27.00'),
(591, 225, 98, 1, '31.00', '0.00', '28.00'),
(592, 226, 9, 1, '3.80', '0.00', '2.50'),
(593, 226, 5, 1, '60.00', '0.00', '55.00'),
(594, 227, 98, 1, '31.00', '0.00', '28.00'),
(595, 227, 95, 1, '20.00', '0.00', '15.00'),
(596, 228, 100, 1, '8.00', '0.00', '6.00'),
(597, 228, 28, 1, '20.00', '0.00', '18.00'),
(598, 229, 59, 1, '5.00', '0.00', '0.00'),
(599, 229, 47, 3, '4.00', '0.00', '2.00'),
(600, 229, 97, 1, '30.00', '0.00', '27.00'),
(601, 229, 46, 1, '12.00', '0.00', '11.00'),
(602, 229, 45, 1, '2.00', '0.00', '1.00'),
(603, 229, 58, 1, '11.00', '0.00', '0.00'),
(604, 230, 58, 5, '11.00', '30.00', '0.00'),
(605, 230, 56, 5, '15.00', '20.00', '0.00'),
(606, 230, 55, 5, '8.00', '15.00', '0.00'),
(607, 231, 56, 2, '15.00', '0.00', '0.00'),
(608, 231, 58, 2, '11.00', '0.00', '0.00'),
(609, 231, 55, 2, '8.00', '0.00', '0.00'),
(610, 232, 58, 1, '11.00', '0.00', '0.00'),
(611, 232, 45, 1, '2.00', '0.00', '1.00'),
(612, 232, 47, 1, '4.00', '0.00', '2.00'),
(613, 232, 97, 1, '30.00', '0.00', '27.00'),
(614, 232, 46, 1, '12.00', '0.00', '11.00'),
(615, 232, 49, 1, '14.00', '0.00', '13.00'),
(616, 232, 87, 1, '3.50', '0.00', '2.00'),
(617, 233, 71, 1, '1.50', '0.00', '0.00'),
(618, 233, 16, 2, '2.50', '0.00', '2.00'),
(619, 233, 7, 2, '2.50', '0.00', '2.00'),
(620, 234, 28, 1, '20.00', '0.00', '18.00'),
(621, 234, 31, 1, '8.00', '0.00', '3.00'),
(622, 234, 33, 1, '2.00', '0.00', '1.00'),
(623, 234, 34, 1, '5.00', '0.00', '3.00'),
(624, 234, 92, 1, '2.50', '0.00', '2.00'),
(625, 234, 90, 1, '3.50', '0.00', '3.00'),
(626, 234, 77, 1, '2.50', '0.00', '0.00'),
(627, 234, 81, 1, '6.00', '0.00', '0.00'),
(628, 234, 38, 1, '19.00', '0.00', '17.00'),
(629, 235, 94, 1, '16.00', '0.00', '14.00'),
(630, 235, 95, 1, '20.00', '0.00', '15.00'),
(631, 236, 84, 1, '3.50', '0.00', '2.80'),
(632, 236, 26, 1, '20.00', '0.00', '18.00'),
(633, 236, 92, 1, '2.50', '0.00', '2.00'),
(634, 236, 106, 1, '4.00', '0.00', '3.00'),
(635, 236, 28, 1, '20.00', '0.00', '18.00'),
(636, 236, 32, 1, '5.00', '0.00', '3.00'),
(637, 236, 34, 1, '5.00', '0.00', '3.00'),
(638, 236, 53, 1, '0.80', '0.00', '0.00'),
(639, 236, 50, 1, '0.80', '0.00', '0.40'),
(640, 237, 89, 1, '2.00', '0.00', '1.00'),
(641, 237, 106, 1, '4.00', '0.00', '0.00'),
(642, 237, 28, 1, '20.00', '0.00', '18.00'),
(643, 237, 97, 1, '30.00', '0.00', '27.00'),
(644, 237, 46, 1, '12.00', '0.00', '11.00'),
(645, 237, 49, 1, '14.00', '0.00', '13.00'),
(646, 237, 47, 1, '4.00', '0.00', '2.00'),
(647, 238, 98, 1, '31.00', '0.00', '28.00'),
(648, 238, 93, 1, '2.00', '0.00', '1.00'),
(649, 239, 104, 5, '3.00', '0.00', '2.00'),
(650, 239, 97, 1, '30.00', '0.00', '27.00'),
(651, 239, 93, 1, '2.00', '0.00', '1.00'),
(652, 240, 59, 1, '5.00', '0.00', '0.00'),
(653, 240, 60, 5, '1.50', '0.00', '0.00'),
(654, 240, 45, 2, '2.00', '0.00', '1.00'),
(655, 241, 60, 1, '1.50', '0.00', '0.00'),
(656, 241, 59, 5, '5.00', '0.00', '0.00'),
(657, 241, 45, 1, '2.00', '0.00', '1.00'),
(658, 242, 47, 1, '4.00', '0.00', '2.00'),
(659, 242, 89, 1, '2.00', '0.00', '1.00'),
(660, 242, 77, 1, '2.50', '0.00', '0.00'),
(661, 242, 38, 1, '19.00', '0.00', '17.00'),
(662, 242, 32, 1, '5.00', '0.00', '3.00'),
(663, 242, 34, 1, '5.00', '0.00', '3.00'),
(664, 242, 25, 1, '24.00', '0.00', '20.00'),
(665, 242, 33, 1, '2.00', '0.00', '1.00'),
(666, 243, 33, 1, '2.00', '0.00', '1.00'),
(667, 243, 47, 1, '4.00', '0.00', '2.00'),
(668, 243, 97, 1, '30.00', '0.00', '27.00'),
(669, 243, 46, 1, '12.00', '0.00', '11.00'),
(670, 243, 92, 1, '2.50', '0.00', '2.00'),
(671, 243, 106, 1, '4.00', '0.00', '3.00'),
(672, 243, 32, 2, '5.00', '0.00', '3.00'),
(673, 243, 49, 1, '14.00', '0.00', '13.00'),
(674, 244, 106, 1, '4.00', '0.00', '3.00'),
(675, 244, 98, 1, '31.00', '0.00', '28.00'),
(676, 244, 97, 1, '30.00', '0.00', '27.00'),
(677, 245, 94, 1, '16.00', '0.00', '14.00'),
(678, 245, 93, 1, '2.00', '0.00', '1.00'),
(679, 245, 17, 1, '0.50', '0.00', '0.30'),
(680, 246, 48, 1, '7.00', '0.00', '5.00'),
(681, 246, 90, 1, '3.50', '0.00', '2.00'),
(682, 246, 106, 1, '4.00', '0.00', '3.00'),
(683, 246, 47, 1, '4.00', '0.00', '2.00'),
(684, 246, 97, 1, '30.00', '0.00', '27.00'),
(685, 246, 43, 1, '10.00', '0.00', '5.00'),
(686, 246, 58, 1, '11.00', '0.00', '0.00'),
(687, 247, 10, 1, '7.00', '0.00', '5.00'),
(688, 247, 89, 1, '2.00', '0.00', '1.00'),
(689, 247, 93, 1, '2.00', '0.00', '1.00'),
(690, 248, 98, 1, '31.00', '0.00', '28.00'),
(691, 248, 97, 1, '30.00', '0.00', '27.00'),
(692, 248, 93, 1, '2.00', '0.00', '1.00'),
(693, 249, 58, 1, '11.00', '0.00', '0.00'),
(694, 249, 46, 1, '12.00', '0.00', '11.00'),
(695, 249, 97, 1, '30.00', '0.00', '27.00'),
(696, 249, 77, 1, '2.50', '0.00', '0.00'),
(697, 249, 38, 1, '19.00', '0.00', '17.00'),
(698, 249, 26, 1, '20.00', '0.00', '18.00'),
(699, 250, 97, 1, '30.00', '0.00', '27.00'),
(700, 250, 95, 1, '20.00', '0.00', '16.00'),
(701, 251, 95, 1, '20.00', '0.00', '17.00'),
(702, 251, 93, 1, '2.00', '0.00', '1.00'),
(703, 251, 97, 1, '30.00', '0.00', '27.00'),
(704, 252, 93, 1, '2.00', '0.00', '1.00'),
(705, 252, 28, 1, '20.00', '0.00', '18.00'),
(706, 252, 106, 1, '4.00', '0.00', '0.00'),
(707, 252, 32, 1, '5.00', '0.00', '3.00'),
(708, 252, 33, 2, '2.00', '0.00', '1.00'),
(709, 252, 12, 1, '20.00', '0.00', '18.00'),
(710, 252, 23, 1, '3.00', '0.00', '1.80'),
(711, 252, 8, 1, '19.00', '0.00', '17.00'),
(712, 253, 96, 1, '5.00', '0.00', '4.00'),
(713, 253, 97, 1, '30.00', '0.00', '27.00'),
(714, 253, 93, 1, '2.00', '0.00', '1.00'),
(715, 253, 90, 1, '3.50', '0.00', '2.00'),
(716, 254, 94, 1, '16.00', '0.00', '14.00'),
(717, 254, 12, 1, '20.00', '0.00', '18.00'),
(718, 255, 98, 1, '31.00', '0.00', '28.00'),
(719, 255, 97, 1, '30.00', '5.00', '28.00'),
(720, 255, 102, 3, '6.00', '0.00', '5.00'),
(721, 256, 77, 3, '2.50', '0.00', '0.00'),
(722, 256, 82, 2, '7.00', '0.00', '5.00'),
(723, 256, 7, 1, '2.50', '0.00', '2.00'),
(724, 256, 92, 1, '2.50', '0.00', '2.00'),
(725, 256, 32, 7, '5.00', '0.00', '3.00'),
(726, 256, 34, 1, '5.00', '0.00', '3.00'),
(727, 256, 33, 3, '2.00', '0.00', '1.00'),
(728, 256, 60, 1, '1.50', '0.00', '0.00'),
(729, 256, 58, 1, '11.00', '0.00', '0.00'),
(730, 257, 106, 1, '4.00', '0.00', '0.00'),
(731, 257, 98, 1, '31.00', '0.00', '28.00'),
(732, 257, 96, 1, '5.00', '0.00', '4.00'),
(733, 258, 98, 1, '31.00', '0.00', '28.00'),
(734, 258, 97, 1, '30.00', '0.00', '27.00'),
(735, 258, 96, 1, '5.00', '0.00', '4.00'),
(736, 259, 93, 1, '2.00', '0.00', '1.00'),
(737, 259, 59, 1, '5.00', '0.00', '0.00'),
(738, 259, 46, 1, '12.00', '0.00', '11.00'),
(739, 259, 97, 1, '30.00', '0.00', '27.00'),
(740, 259, 47, 1, '4.00', '0.00', '2.00'),
(741, 259, 58, 1, '11.00', '0.00', '0.00'),
(742, 259, 106, 1, '4.00', '0.00', '0.00'),
(743, 259, 45, 1, '2.00', '0.00', '1.00'),
(744, 259, 28, 1, '20.00', '0.00', '18.00'),
(745, 260, 59, 1, '5.00', '0.00', '0.00'),
(746, 260, 38, 1, '19.00', '0.00', '17.00'),
(747, 260, 32, 4, '5.00', '0.00', '3.00'),
(748, 260, 92, 1, '2.50', '0.00', '2.00'),
(749, 260, 34, 1, '5.00', '0.00', '3.00'),
(750, 260, 28, 1, '20.00', '0.00', '18.00'),
(751, 260, 40, 4, '1.00', '0.00', '0.50'),
(752, 261, 92, 1, '2.50', '0.00', '2.00'),
(753, 261, 84, 1, '3.50', '0.00', '2.80'),
(754, 261, 26, 1, '20.00', '0.00', '18.00'),
(755, 261, 90, 1, '3.50', '0.00', '2.00'),
(756, 261, 78, 1, '3.00', '0.00', '0.00'),
(757, 261, 33, 1, '2.00', '0.00', '1.00'),
(758, 261, 34, 1, '5.00', '0.00', '3.00'),
(759, 261, 32, 1, '5.00', '0.00', '3.00'),
(760, 261, 58, 1, '11.00', '0.00', '0.00'),
(761, 261, 59, 1, '5.00', '0.00', '0.00'),
(762, 262, 93, 1, '2.00', '0.00', '1.00'),
(763, 262, 26, 1, '20.00', '0.00', '18.00'),
(764, 262, 85, 1, '2.50', '0.00', '2.00'),
(765, 262, 59, 1, '5.00', '0.00', '0.00'),
(766, 262, 97, 1, '30.00', '0.00', '27.00'),
(767, 262, 46, 1, '12.00', '0.00', '11.00'),
(768, 262, 47, 1, '4.00', '0.00', '2.00'),
(769, 263, 47, 1, '4.00', '0.00', '2.00'),
(770, 263, 46, 1, '12.00', '0.00', '11.00'),
(771, 263, 59, 1, '5.00', '0.00', '0.00'),
(772, 263, 58, 3, '11.00', '0.00', '0.00'),
(773, 263, 45, 1, '2.00', '0.00', '1.00'),
(774, 263, 49, 2, '14.00', '0.00', '13.00'),
(775, 263, 40, 5, '1.00', '0.00', '0.50'),
(776, 264, 58, 1, '11.00', '0.00', '0.00'),
(777, 264, 84, 2, '3.50', '0.00', '2.80'),
(778, 264, 26, 2, '20.00', '0.00', '18.00'),
(779, 264, 77, 1, '2.50', '0.00', '0.00'),
(780, 264, 81, 1, '6.00', '0.00', '0.00'),
(781, 265, 9, 1, '3.80', '0.00', '2.50'),
(782, 265, 7, 1, '2.50', '0.00', '2.00'),
(783, 265, 14, 1, '2.00', '0.00', '1.50'),
(784, 265, 22, 1, '3.00', '0.00', '1.50'),
(785, 265, 24, 1, '4.00', '0.00', '2.50'),
(786, 265, 94, 1, '16.00', '0.00', '14.00'),
(787, 265, 19, 1, '7.00', '0.00', '5.00'),
(788, 265, 95, 1, '20.00', '0.00', '18.00'),
(789, 265, 16, 1, '2.50', '0.00', '2.00'),
(790, 266, 9, 1, '3.80', '0.00', '2.50'),
(791, 266, 8, 1, '19.00', '0.00', '17.00'),
(792, 266, 20, 1, '12.00', '0.00', '10.00'),
(793, 266, 21, 1, '4.00', '0.00', '3.00'),
(794, 266, 14, 1, '2.00', '0.00', '1.50'),
(795, 266, 15, 1, '3.00', '0.00', '2.00'),
(796, 266, 16, 1, '2.50', '0.00', '2.00'),
(797, 266, 22, 1, '3.00', '0.00', '1.50'),
(798, 266, 24, 1, '4.00', '0.00', '2.50'),
(799, 266, 17, 1, '0.50', '0.00', '0.30'),
(800, 266, 18, 1, '2.40', '0.00', '1.80'),
(801, 266, 95, 1, '20.00', '0.00', '18.00'),
(802, 267, 8, 1, '19.00', '0.00', '17.00'),
(803, 267, 14, 1, '2.00', '0.00', '1.50'),
(804, 267, 20, 1, '12.00', '0.00', '11.00'),
(805, 267, 22, 1, '3.00', '0.00', '1.50'),
(806, 267, 24, 1, '4.00', '0.00', '2.50'),
(807, 267, 9, 1, '3.80', '0.00', '2.50'),
(808, 267, 16, 1, '2.50', '0.00', '2.00'),
(809, 267, 15, 1, '3.00', '0.00', '2.00'),
(810, 267, 94, 1, '16.00', '0.00', '14.00'),
(811, 267, 18, 1, '2.40', '0.00', '1.80'),
(812, 267, 17, 1, '0.50', '0.00', '0.30'),
(813, 268, 9, 1, '3.80', '0.00', '2.50'),
(814, 268, 7, 1, '2.50', '0.00', '2.00'),
(815, 268, 22, 1, '3.00', '0.00', '1.50'),
(816, 268, 24, 1, '4.00', '0.00', '0.00'),
(817, 268, 14, 1, '2.00', '0.00', '1.50'),
(818, 268, 20, 1, '12.00', '0.00', '11.00'),
(819, 268, 21, 1, '4.00', '0.00', '3.50'),
(820, 268, 94, 1, '16.00', '0.00', '14.00'),
(821, 268, 95, 1, '20.00', '0.00', '18.00'),
(822, 269, 92, 1, '2.50', '0.00', '2.00'),
(823, 269, 106, 1, '4.00', '0.00', '0.00'),
(824, 269, 32, 3, '5.00', '0.00', '3.00'),
(825, 269, 31, 1, '8.00', '0.00', '3.00'),
(826, 269, 26, 2, '20.00', '0.00', '18.00'),
(827, 269, 82, 2, '7.00', '0.00', '5.00'),
(828, 269, 77, 2, '2.50', '0.00', '0.00'),
(829, 270, 77, 1, '2.50', '0.00', '0.00'),
(830, 270, 80, 1, '5.00', '0.00', '0.00'),
(831, 270, 32, 1, '5.00', '0.00', '3.00'),
(832, 270, 9, 1, '3.80', '0.00', '2.50'),
(833, 270, 14, 1, '2.00', '0.00', '1.50'),
(834, 270, 16, 1, '2.50', '0.00', '2.00'),
(835, 270, 24, 1, '4.00', '0.00', '2.50'),
(836, 270, 26, 1, '20.00', '0.00', '18.00'),
(837, 270, 25, 1, '24.00', '0.00', '20.00'),
(838, 270, 7, 1, '2.50', '0.00', '2.00'),
(839, 270, 18, 1, '2.40', '0.00', '1.80'),
(840, 271, 18, 3, '2.40', '0.00', '1.80'),
(841, 271, 7, 2, '2.50', '0.00', '2.00'),
(842, 271, 9, 3, '3.80', '0.00', '2.50'),
(843, 271, 63, 1, '1.00', '0.00', '0.00'),
(844, 271, 62, 1, '5.00', '0.00', '0.00'),
(845, 271, 32, 2, '5.00', '0.00', '3.00'),
(846, 271, 88, 3, '2.50', '0.00', '2.00'),
(847, 271, 24, 1, '4.00', '0.00', '2.50'),
(848, 271, 15, 1, '3.00', '0.00', '2.00'),
(849, 271, 94, 1, '16.00', '0.00', '14.00'),
(850, 271, 14, 1, '2.00', '0.00', '1.50'),
(851, 272, 14, 2, '2.00', '0.00', '1.50'),
(852, 272, 71, 2, '1.50', '0.00', '0.00'),
(853, 272, 79, 3, '4.00', '0.00', '0.00'),
(854, 272, 22, 2, '3.00', '0.00', '1.50'),
(855, 272, 24, 1, '4.00', '0.00', '2.50'),
(856, 272, 84, 1, '3.50', '0.00', '2.80'),
(857, 272, 92, 1, '2.50', '0.00', '2.00'),
(858, 272, 15, 1, '3.00', '0.00', '2.00'),
(859, 272, 81, 1, '6.00', '0.00', '0.00'),
(860, 272, 32, 1, '5.00', '0.00', '3.00'),
(861, 272, 63, 10, '1.00', '0.00', '0.00'),
(862, 272, 53, 5, '0.80', '0.00', '0.00'),
(863, 272, 50, 5, '0.80', '0.00', '0.40'),
(864, 273, 50, 1, '0.80', '0.00', '0.40'),
(865, 273, 53, 1, '0.80', '0.00', '0.00'),
(866, 273, 104, 1, '3.00', '0.00', '1.50'),
(867, 273, 105, 1, '4.00', '0.00', '0.00'),
(868, 273, 56, 1, '15.00', '0.00', '0.00'),
(869, 273, 55, 1, '8.00', '0.00', '0.00'),
(870, 273, 106, 1, '4.00', '0.00', '3.00'),
(871, 273, 46, 1, '12.00', '0.00', '11.00'),
(872, 273, 97, 1, '30.00', '0.00', '27.00'),
(873, 274, 97, 1, '30.00', '0.00', '27.00'),
(874, 274, 46, 1, '12.00', '0.00', '11.00'),
(875, 274, 43, 1, '10.00', '0.00', '5.00'),
(876, 274, 45, 1, '2.00', '0.00', '1.00'),
(877, 274, 59, 2, '5.00', '0.00', '0.00'),
(878, 275, 59, 1, '5.00', '0.00', '0.00'),
(879, 275, 46, 1, '12.00', '0.00', '11.00'),
(880, 275, 97, 1, '30.00', '0.00', '27.00'),
(881, 275, 45, 1, '2.00', '0.00', '1.00'),
(882, 275, 56, 1, '15.00', '0.00', '0.00'),
(883, 275, 55, 1, '8.00', '0.00', '0.00'),
(884, 275, 58, 1, '11.00', '0.00', '0.00'),
(885, 275, 106, 1, '4.00', '0.00', '3.00'),
(886, 276, 24, 1, '4.00', '0.00', '2.50'),
(887, 276, 14, 1, '2.00', '0.00', '1.50'),
(888, 276, 22, 1, '3.00', '0.00', '1.50'),
(889, 276, 9, 1, '3.80', '0.00', '2.50'),
(890, 276, 94, 1, '16.00', '0.00', '14.00'),
(891, 276, 95, 1, '20.00', '0.00', '18.00'),
(892, 276, 15, 1, '3.00', '0.00', '2.00'),
(893, 276, 16, 1, '2.50', '0.00', '2.00'),
(894, 276, 7, 1, '2.50', '0.00', '2.00'),
(895, 276, 59, 1, '5.00', '0.00', '0.00'),
(896, 277, 59, 1, '5.00', '0.00', '0.00'),
(897, 277, 58, 1, '11.00', '0.00', '0.00'),
(898, 277, 60, 1, '1.50', '0.00', '0.00'),
(899, 277, 10, 1, '7.00', '0.00', '5.00'),
(900, 277, 18, 1, '2.40', '0.00', '1.80'),
(901, 277, 7, 1, '2.50', '0.00', '2.00'),
(902, 277, 94, 1, '16.00', '0.00', '14.00'),
(903, 277, 95, 1, '20.00', '0.00', '18.00'),
(904, 278, 7, 1, '2.50', '0.00', '2.00'),
(905, 278, 12, 1, '20.00', '0.00', '18.00'),
(906, 278, 14, 1, '2.00', '0.00', '1.50'),
(907, 278, 24, 1, '4.00', '0.00', '0.00'),
(908, 278, 22, 1, '3.00', '0.00', '1.50'),
(909, 278, 13, 1, '2.50', '0.00', '1.80'),
(910, 278, 94, 1, '16.00', '0.00', '14.00'),
(911, 278, 15, 1, '3.00', '0.00', '2.00'),
(912, 278, 95, 1, '20.00', '0.00', '18.00'),
(913, 279, 59, 1, '5.00', '0.00', '0.00'),
(914, 279, 56, 1, '15.00', '0.00', '0.00'),
(915, 279, 55, 1, '8.00', '0.00', '0.00'),
(916, 279, 58, 1, '11.00', '0.00', '0.00'),
(917, 279, 46, 1, '12.00', '0.00', '11.00'),
(918, 279, 45, 1, '2.00', '0.00', '1.00'),
(919, 279, 47, 1, '4.00', '0.00', '2.00'),
(920, 279, 43, 1, '10.00', '0.00', '5.00'),
(921, 280, 43, 1, '10.00', '0.00', '5.00'),
(922, 280, 97, 1, '30.00', '0.00', '27.00'),
(923, 280, 45, 2, '2.00', '0.00', '1.00'),
(924, 280, 60, 2, '1.50', '0.00', '0.00'),
(925, 280, 59, 1, '5.00', '0.00', '0.00'),
(926, 280, 58, 1, '11.00', '0.00', '0.00'),
(927, 281, 73, 12, '0.50', '0.00', '0.00'),
(928, 281, 72, 12, '0.50', '0.00', '0.00'),
(929, 281, 63, 10, '1.00', '0.00', '0.00'),
(930, 281, 71, 1, '1.50', '0.00', '0.00'),
(931, 281, 24, 1, '4.00', '0.00', '2.50'),
(932, 281, 22, 1, '3.00', '0.00', '1.50'),
(933, 281, 28, 1, '20.00', '0.00', '18.00'),
(934, 281, 77, 3, '2.50', '0.00', '0.00'),
(935, 281, 85, 2, '2.50', '0.00', '2.00'),
(936, 282, 26, 1, '20.00', '0.00', '18.00'),
(937, 282, 85, 2, '2.50', '0.00', '2.00'),
(938, 282, 9, 1, '3.80', '0.00', '2.50'),
(939, 282, 22, 1, '3.00', '0.00', '1.50'),
(940, 282, 15, 1, '3.00', '0.00', '2.00'),
(941, 282, 24, 1, '4.00', '0.00', '2.50'),
(942, 282, 80, 2, '5.00', '0.00', '0.00'),
(943, 282, 78, 2, '3.00', '0.00', '0.00'),
(944, 283, 60, 1, '1.50', '0.00', '0.00'),
(945, 283, 59, 1, '5.00', '0.00', '0.00'),
(946, 283, 58, 1, '11.00', '0.00', '0.00'),
(947, 283, 56, 1, '15.00', '0.00', '0.00'),
(948, 283, 55, 1, '8.00', '0.00', '0.00'),
(949, 283, 106, 1, '4.00', '0.00', '3.00'),
(950, 283, 104, 4, '3.00', '0.00', '2.00'),
(951, 283, 105, 4, '4.00', '0.00', '3.00'),
(952, 284, 7, 3, '2.50', '0.00', '2.00'),
(953, 284, 15, 2, '3.00', '0.00', '2.00'),
(954, 284, 106, 2, '4.00', '0.00', '3.00'),
(955, 284, 10, 3, '7.00', '0.00', '5.00'),
(956, 284, 14, 3, '2.00', '0.00', '1.50'),
(957, 284, 18, 3, '2.40', '0.00', '1.80'),
(958, 285, 40, 5, '1.00', '0.00', '0.50'),
(959, 285, 49, 1, '14.00', '0.00', '13.00'),
(960, 285, 56, 1, '15.00', '0.00', '0.00'),
(961, 285, 55, 2, '8.00', '0.00', '0.00'),
(962, 285, 58, 1, '11.00', '0.00', '0.00'),
(963, 285, 59, 2, '5.00', '0.00', '0.00'),
(964, 286, 59, 1, '5.00', '0.00', '0.00'),
(965, 286, 97, 1, '30.00', '0.00', '27.00'),
(966, 286, 45, 1, '2.00', '0.00', '1.00'),
(967, 286, 43, 1, '10.00', '0.00', '5.00'),
(968, 286, 46, 1, '12.00', '0.00', '11.00'),
(969, 286, 40, 3, '1.00', '0.00', '0.50'),
(970, 287, 77, 2, '2.50', '0.00', '0.00'),
(971, 287, 79, 2, '4.00', '0.00', '0.00'),
(972, 287, 25, 1, '24.00', '0.00', '20.00'),
(973, 287, 26, 2, '20.00', '0.00', '18.00'),
(974, 288, 60, 1, '1.50', '0.00', '0.00'),
(975, 288, 97, 1, '30.00', '0.00', '27.00'),
(976, 288, 46, 1, '12.00', '0.00', '11.00'),
(977, 288, 43, 2, '10.00', '0.00', '5.00'),
(978, 288, 41, 2, '2.00', '0.00', '1.00'),
(979, 289, 60, 1, '1.50', '0.00', '0.00'),
(980, 289, 59, 1, '5.00', '0.00', '0.00'),
(981, 289, 58, 2, '11.00', '0.00', '0.00'),
(982, 289, 56, 2, '15.00', '0.00', '0.00'),
(983, 289, 55, 1, '8.00', '0.00', '0.00'),
(984, 289, 106, 1, '4.00', '0.00', '3.00'),
(985, 290, 106, 1, '4.00', '0.00', '3.00'),
(986, 290, 58, 1, '11.00', '0.00', '0.00'),
(987, 290, 56, 1, '15.00', '0.00', '0.00'),
(988, 290, 55, 1, '8.00', '0.00', '0.00'),
(989, 290, 97, 1, '30.00', '0.00', '27.00'),
(990, 290, 45, 1, '2.00', '0.00', '1.00'),
(991, 290, 43, 1, '10.00', '0.00', '5.00'),
(992, 290, 46, 1, '12.00', '0.00', '11.00'),
(993, 290, 59, 1, '5.00', '0.00', '0.00'),
(994, 290, 60, 1, '1.50', '0.00', '0.00'),
(995, 291, 96, 1, '5.00', '0.00', '4.00'),
(996, 291, 71, 1, '1.50', '0.00', '0.00'),
(997, 291, 72, 10, '0.50', '0.00', '0.00'),
(998, 291, 95, 1, '20.00', '0.00', '18.00'),
(999, 291, 94, 1, '16.00', '0.00', '14.00'),
(1000, 291, 8, 1, '19.00', '0.00', '18.00'),
(1001, 292, 96, 1, '5.00', '0.00', '4.00'),
(1002, 292, 71, 1, '1.50', '0.00', '0.00'),
(1003, 292, 72, 10, '0.50', '0.00', '0.00'),
(1004, 292, 95, 1, '20.00', '0.00', '18.00'),
(1005, 292, 94, 1, '16.00', '0.00', '14.00'),
(1006, 292, 8, 1, '19.00', '0.00', '17.00'),
(1007, 293, 73, 1, '0.50', '0.00', '0.00'),
(1008, 293, 72, 1, '0.50', '0.00', '0.00'),
(1009, 293, 63, 6, '1.00', '0.00', '0.00'),
(1010, 293, 71, 1, '1.50', '0.00', '0.00'),
(1011, 293, 94, 1, '16.00', '0.00', '14.00'),
(1012, 293, 8, 1, '19.00', '0.00', '16.00'),
(1013, 293, 9, 3, '3.80', '0.00', '2.50'),
(1014, 293, 14, 2, '2.00', '0.00', '1.50'),
(1015, 293, 15, 2, '3.00', '0.00', '2.00'),
(1016, 294, 15, 1, '3.00', '0.00', '2.00'),
(1017, 294, 12, 1, '20.00', '0.00', '18.00'),
(1018, 294, 13, 1, '2.50', '0.00', '1.80'),
(1019, 294, 9, 1, '3.80', '0.00', '2.50'),
(1020, 294, 95, 1, '20.00', '0.00', '18.00'),
(1021, 294, 8, 1, '19.00', '0.00', '16.00'),
(1022, 294, 19, 1, '7.00', '0.00', '5.00'),
(1023, 295, 26, 1, '20.00', '0.00', '18.00'),
(1024, 295, 25, 1, '24.00', '0.00', '20.00'),
(1025, 295, 82, 3, '7.00', '0.00', '5.00'),
(1026, 295, 78, 2, '3.00', '0.00', '0.00'),
(1027, 295, 79, 2, '4.00', '0.00', '0.00'),
(1028, 296, 77, 1, '2.50', '0.00', '0.00'),
(1029, 296, 78, 1, '3.00', '0.00', '0.00'),
(1030, 296, 38, 1, '19.00', '0.00', '17.00'),
(1031, 296, 25, 1, '24.00', '0.00', '20.00'),
(1032, 296, 26, 1, '20.00', '0.00', '18.00'),
(1033, 297, 26, 2, '20.00', '0.00', '18.00'),
(1034, 297, 85, 4, '2.50', '0.00', '2.00'),
(1035, 297, 77, 4, '2.50', '0.00', '0.00'),
(1036, 298, 77, 1, '2.50', '0.00', '0.00'),
(1037, 298, 79, 2, '4.00', '0.00', '0.00'),
(1038, 298, 82, 3, '7.00', '0.00', '6.00'),
(1039, 298, 25, 2, '24.00', '0.00', '20.00'),
(1040, 299, 25, 1, '24.00', '0.00', '20.00'),
(1041, 299, 38, 2, '19.00', '0.00', '17.00'),
(1042, 299, 77, 3, '2.50', '0.00', '0.00'),
(1043, 299, 79, 2, '4.00', '0.00', '0.00'),
(1044, 300, 80, 1, '5.00', '0.00', '0.00'),
(1045, 300, 79, 4, '4.00', '0.00', '0.00'),
(1046, 300, 26, 2, '20.00', '0.00', '18.00'),
(1047, 300, 82, 3, '7.00', '0.00', '6.00'),
(1048, 301, 84, 3, '3.50', '0.00', '2.80'),
(1049, 301, 26, 2, '20.00', '0.00', '18.00'),
(1050, 301, 79, 2, '4.00', '0.00', '0.00'),
(1051, 301, 77, 2, '2.50', '0.00', '0.00'),
(1052, 302, 80, 3, '5.00', '0.00', '0.00'),
(1053, 302, 26, 1, '20.00', '0.00', '18.00'),
(1054, 302, 25, 1, '24.00', '0.00', '20.00'),
(1055, 302, 82, 3, '7.00', '0.00', '6.00'),
(1056, 303, 82, 3, '7.00', '0.00', '6.00'),
(1057, 303, 26, 3, '20.00', '0.00', '18.00'),
(1058, 303, 77, 1, '2.50', '0.00', '0.00'),
(1059, 303, 79, 1, '4.00', '0.00', '0.00'),
(1060, 304, 77, 1, '2.50', '0.00', '0.00'),
(1061, 304, 79, 1, '4.00', '0.00', '0.00'),
(1062, 304, 25, 1, '24.00', '0.00', '20.00'),
(1063, 304, 26, 1, '20.00', '0.00', '18.00'),
(1064, 304, 82, 2, '7.00', '0.00', '6.00'),
(1065, 305, 82, 2, '7.00', '0.00', '6.00'),
(1066, 305, 26, 2, '20.00', '0.00', '18.00'),
(1067, 305, 77, 3, '2.50', '0.00', '0.00'),
(1068, 306, 78, 3, '3.00', '0.00', '0.00'),
(1069, 306, 84, 2, '3.50', '0.00', '2.80'),
(1070, 306, 26, 3, '20.00', '0.00', '18.00'),
(1071, 307, 26, 1, '20.00', '0.00', '18.00'),
(1072, 307, 25, 1, '24.00', '0.00', '20.00'),
(1073, 307, 85, 4, '2.50', '0.00', '2.00'),
(1074, 307, 78, 2, '3.00', '0.00', '0.00'),
(1075, 307, 77, 1, '2.50', '0.00', '0.00'),
(1076, 308, 78, 1, '3.00', '0.00', '0.00'),
(1077, 308, 80, 1, '5.00', '0.00', '0.00'),
(1078, 308, 26, 2, '20.00', '0.00', '18.00'),
(1079, 308, 38, 1, '19.00', '0.00', '17.00'),
(1080, 309, 38, 2, '19.00', '0.00', '17.00'),
(1081, 309, 80, 1, '5.00', '0.00', '0.00'),
(1082, 309, 81, 1, '6.00', '0.00', '0.00'),
(1083, 309, 25, 1, '24.00', '0.00', '20.00'),
(1084, 310, 25, 2, '24.00', '0.00', '20.00'),
(1085, 310, 82, 2, '7.00', '0.00', '6.00'),
(1086, 310, 78, 3, '3.00', '0.00', '0.00'),
(1087, 311, 80, 2, '5.00', '0.00', '0.00'),
(1088, 311, 77, 1, '2.50', '0.00', '0.00'),
(1089, 311, 82, 3, '7.00', '0.00', '6.00'),
(1090, 311, 26, 3, '20.00', '0.00', '18.00'),
(1091, 312, 26, 2, '20.00', '0.00', '18.00'),
(1092, 312, 82, 4, '7.00', '0.00', '6.00'),
(1093, 312, 78, 2, '3.00', '0.00', '0.00'),
(1094, 312, 76, 1, '2.00', '0.00', '0.00'),
(1095, 313, 77, 2, '2.50', '0.00', '0.00'),
(1096, 313, 80, 1, '5.00', '0.00', '0.00'),
(1097, 313, 25, 2, '24.00', '0.00', '20.00'),
(1098, 313, 82, 3, '7.00', '0.00', '6.00'),
(1099, 314, 82, 2, '7.00', '0.00', '6.00'),
(1100, 314, 26, 3, '20.00', '0.00', '18.00'),
(1101, 314, 78, 2, '3.00', '0.00', '0.00'),
(1102, 314, 76, 1, '2.00', '0.00', '0.00'),
(1103, 315, 80, 1, '5.00', '0.00', '0.00'),
(1104, 315, 76, 1, '2.00', '0.00', '0.00'),
(1105, 315, 25, 1, '24.00', '0.00', '20.00'),
(1106, 315, 82, 1, '7.00', '0.00', '5.00'),
(1107, 316, 38, 1, '19.00', '0.00', '17.00'),
(1108, 316, 26, 3, '20.00', '0.00', '18.00'),
(1109, 316, 76, 3, '2.00', '0.00', '0.00'),
(1110, 316, 81, 1, '6.00', '0.00', '0.00'),
(1111, 317, 78, 2, '3.00', '0.00', '0.00'),
(1112, 317, 76, 2, '2.00', '0.00', '0.00'),
(1113, 317, 38, 2, '19.00', '0.00', '17.00'),
(1114, 317, 26, 2, '20.00', '0.00', '18.00'),
(1115, 318, 25, 2, '24.00', '0.00', '20.00'),
(1116, 318, 38, 1, '19.00', '0.00', '17.00'),
(1117, 318, 81, 2, '6.00', '0.00', '0.00'),
(1118, 318, 78, 2, '3.00', '0.00', '0.00'),
(1119, 319, 80, 1, '5.00', '0.00', '0.00'),
(1120, 319, 76, 2, '2.00', '0.00', '0.00'),
(1121, 319, 25, 2, '24.00', '0.00', '20.00'),
(1122, 319, 79, 1, '4.00', '0.00', '0.00'),
(1123, 319, 82, 2, '7.00', '0.00', '5.00'),
(1124, 320, 82, 1, '7.00', '0.00', '6.50'),
(1125, 320, 25, 2, '24.00', '0.00', '20.00'),
(1126, 320, 76, 2, '2.00', '0.00', '0.00'),
(1127, 320, 79, 1, '4.00', '0.00', '0.00'),
(1128, 321, 79, 2, '4.00', '0.00', '0.00'),
(1129, 321, 76, 1, '2.00', '0.00', '0.00'),
(1130, 321, 84, 3, '3.50', '0.00', '3.00'),
(1131, 321, 25, 2, '24.00', '0.00', '20.00'),
(1132, 322, 25, 2, '24.00', '0.00', '20.00'),
(1133, 322, 81, 1, '6.00', '0.00', '0.00'),
(1134, 322, 76, 2, '2.00', '0.00', '0.00'),
(1135, 322, 82, 3, '7.00', '0.00', '6.50'),
(1136, 323, 38, 1, '19.00', '0.00', '17.00'),
(1137, 323, 25, 1, '24.00', '0.00', '20.00'),
(1138, 323, 26, 1, '20.00', '0.00', '18.00'),
(1139, 323, 81, 2, '6.00', '0.00', '0.00'),
(1140, 323, 77, 1, '2.50', '0.00', '0.00'),
(1141, 324, 79, 1, '4.00', '0.00', '0.00'),
(1142, 324, 76, 1, '2.00', '0.00', '0.00'),
(1143, 324, 38, 1, '19.00', '0.00', '17.00'),
(1144, 324, 25, 2, '24.00', '0.00', '20.00'),
(1145, 325, 25, 2, '24.00', '0.00', '20.00'),
(1146, 325, 76, 3, '2.00', '0.00', '0.00'),
(1147, 325, 82, 3, '7.00', '0.00', '6.00'),
(1148, 326, 38, 2, '19.00', '0.00', '17.00'),
(1149, 326, 26, 1, '20.00', '0.00', '18.00'),
(1150, 326, 81, 1, '6.00', '0.00', '0.00'),
(1151, 326, 77, 2, '2.50', '0.00', '0.00'),
(1152, 327, 78, 1, '3.00', '0.00', '0.00'),
(1153, 327, 76, 2, '2.00', '0.00', '0.00'),
(1154, 327, 26, 2, '20.00', '0.00', '18.00'),
(1155, 327, 82, 3, '7.00', '0.00', '6.00'),
(1156, 328, 82, 2, '7.00', '0.00', '6.00'),
(1157, 328, 81, 1, '6.00', '0.00', '0.00'),
(1158, 328, 76, 2, '2.00', '0.00', '0.00'),
(1159, 328, 26, 3, '20.00', '0.00', '18.00'),
(1160, 329, 26, 3, '20.00', '0.00', '18.00'),
(1161, 329, 82, 3, '7.00', '0.00', '6.00'),
(1162, 329, 79, 2, '4.00', '0.00', '0.00'),
(1163, 329, 76, 1, '2.00', '0.00', '0.00'),
(1164, 330, 78, 1, '3.00', '0.00', '0.00'),
(1165, 330, 26, 3, '20.00', '0.00', '18.00'),
(1166, 330, 76, 2, '2.00', '0.00', '0.00'),
(1167, 330, 38, 1, '19.00', '0.00', '17.00'),
(1168, 331, 38, 1, '19.00', '0.00', '17.00'),
(1169, 331, 81, 1, '6.00', '0.00', '0.00'),
(1170, 331, 76, 2, '2.00', '0.00', '0.00'),
(1171, 331, 26, 2, '20.00', '0.00', '18.00'),
(1172, 332, 26, 2, '20.00', '0.00', '18.00'),
(1173, 332, 78, 1, '3.00', '0.00', '0.00'),
(1174, 332, 77, 2, '2.50', '0.00', '0.00'),
(1175, 332, 38, 2, '19.00', '0.00', '17.00'),
(1176, 333, 84, 3, '3.50', '0.00', '3.00'),
(1177, 333, 26, 2, '20.00', '0.00', '0.00'),
(1178, 333, 76, 1, '2.00', '0.00', '0.00'),
(1179, 333, 78, 3, '3.00', '0.00', '0.00'),
(1180, 334, 76, 2, '2.00', '0.00', '0.00'),
(1181, 334, 79, 1, '4.00', '0.00', '0.00'),
(1182, 334, 38, 1, '19.00', '0.00', '17.00'),
(1183, 334, 26, 2, '20.00', '0.00', '18.00'),
(1184, 335, 26, 2, '20.00', '0.00', '18.00'),
(1185, 335, 76, 2, '2.00', '0.00', '0.00'),
(1186, 335, 80, 1, '5.00', '0.00', '0.00'),
(1187, 335, 38, 1, '19.00', '0.00', '17.00'),
(1188, 336, 38, 1, '19.00', '0.00', '17.00'),
(1189, 336, 26, 2, '20.00', '0.00', '18.00'),
(1190, 336, 76, 3, '2.00', '0.00', '0.00'),
(1191, 336, 79, 1, '4.00', '0.00', '0.00'),
(1192, 337, 76, 1, '2.00', '0.00', '0.00'),
(1193, 337, 79, 2, '4.00', '0.00', '0.00'),
(1194, 337, 38, 2, '19.00', '0.00', '17.00'),
(1195, 337, 25, 1, '24.00', '0.00', '20.00'),
(1196, 338, 26, 3, '20.00', '0.00', '18.00'),
(1197, 338, 84, 5, '3.50', '0.00', '3.00'),
(1198, 338, 78, 3, '3.00', '0.00', '0.00'),
(1199, 338, 76, 1, '2.00', '0.00', '0.00'),
(1200, 339, 78, 1, '3.00', '0.00', '0.00'),
(1201, 339, 81, 3, '6.00', '0.00', '0.00'),
(1202, 339, 38, 1, '19.00', '0.00', '17.00'),
(1203, 339, 25, 2, '24.00', '0.00', '20.00'),
(1204, 340, 106, 3, '4.00', '0.00', '0.00'),
(1205, 341, 26, 2, '20.00', '0.00', '18.00'),
(1206, 341, 76, 2, '2.00', '0.00', '0.00'),
(1207, 341, 81, 1, '6.00', '0.00', '0.00'),
(1208, 341, 84, 3, '3.50', '0.00', '3.00'),
(1209, 342, 38, 1, '19.00', '0.00', '17.00'),
(1210, 342, 25, 2, '24.00', '0.00', '20.00'),
(1211, 342, 77, 2, '2.50', '0.00', '0.00'),
(1212, 342, 9, 2, '3.80', '0.00', '2.50'),
(1213, 343, 106, 2, '4.00', '0.00', '0.00'),
(1214, 343, 102, 5, '6.00', '0.00', '5.00'),
(1215, 343, 98, 1, '31.00', '0.00', '28.00'),
(1216, 344, 84, 3, '3.50', '0.00', '3.00');
INSERT INTO `detalle_ventas` (`id`, `idventa`, `idproducto`, `cantidad`, `precio`, `descuento`, `precio_compra`) VALUES
(1217, 345, 97, 1, '30.00', '0.00', '27.00'),
(1218, 344, 25, 2, '24.00', '0.00', '20.00'),
(1219, 344, 79, 3, '4.00', '0.00', '0.00'),
(1220, 344, 76, 1, '2.00', '0.00', '0.00'),
(1221, 346, 74, 3, '5.00', '0.00', '0.00'),
(1222, 347, 63, 30, '1.00', '0.00', '0.00'),
(1223, 348, 78, 2, '3.00', '0.00', '0.00'),
(1224, 348, 38, 1, '19.00', '0.00', '17.00'),
(1225, 348, 25, 1, '24.00', '0.00', '20.00'),
(1226, 348, 12, 1, '20.00', '0.00', '18.00'),
(1227, 348, 24, 1, '4.00', '0.00', '2.50'),
(1228, 349, 53, 15, '0.80', '0.00', '0.00'),
(1229, 350, 38, 5, '19.00', '0.00', '17.00'),
(1230, 351, 94, 1, '16.00', '0.00', '14.00'),
(1231, 351, 13, 1, '2.50', '0.00', '1.80'),
(1232, 351, 15, 3, '3.00', '0.00', '2.00'),
(1233, 351, 106, 2, '4.00', '0.00', '0.00'),
(1234, 351, 58, 2, '11.00', '0.00', '0.00'),
(1235, 351, 59, 2, '5.00', '0.00', '0.00'),
(1236, 352, 26, 4, '20.00', '0.00', '18.00'),
(1237, 353, 26, 4, '20.00', '0.00', '18.00'),
(1238, 353, 25, 2, '24.00', '0.00', '20.00'),
(1239, 354, 19, 4, '7.00', '0.00', '5.00'),
(1240, 355, 59, 3, '5.00', '0.00', '0.00'),
(1241, 355, 38, 1, '19.00', '0.00', '0.00'),
(1242, 355, 58, 2, '11.00', '0.00', '0.00'),
(1243, 355, 25, 1, '24.00', '0.00', '20.00'),
(1244, 355, 79, 1, '4.00', '0.00', '0.00'),
(1245, 356, 8, 2, '19.00', '0.00', '16.00'),
(1246, 356, 9, 3, '3.80', '0.00', '2.50'),
(1247, 357, 14, 2, '2.00', '0.00', '1.50'),
(1248, 357, 15, 12, '3.00', '0.00', '2.00'),
(1249, 357, 16, 2, '2.50', '0.00', '2.00'),
(1250, 358, 24, 1, '4.00', '0.00', '2.50'),
(1251, 358, 23, 1, '3.00', '0.00', '1.80'),
(1252, 359, 34, 10, '5.00', '0.00', '3.00'),
(1253, 360, 33, 20, '2.00', '0.00', '1.00'),
(1254, 361, 31, 1, '8.00', '0.00', '3.00'),
(1255, 361, 28, 1, '20.00', '0.00', '18.00'),
(1256, 362, 78, 3, '3.00', '0.00', '0.00'),
(1257, 362, 55, 2, '8.00', '0.00', '0.00'),
(1258, 362, 59, 2, '5.00', '0.00', '0.00'),
(1259, 362, 46, 1, '12.00', '0.00', '11.00'),
(1260, 362, 97, 1, '30.00', '0.00', '27.00'),
(1261, 363, 38, 4, '19.00', '0.00', '0.00'),
(1262, 364, 43, 3, '10.00', '0.00', '5.00'),
(1263, 365, 47, 10, '4.00', '0.00', '2.00'),
(1264, 366, 55, 10, '8.00', '0.00', '0.00'),
(1265, 367, 81, 2, '6.00', '0.00', '0.00'),
(1266, 367, 77, 2, '2.50', '0.00', '0.00'),
(1267, 367, 79, 2, '4.00', '0.00', '0.00'),
(1268, 367, 38, 1, '19.00', '0.00', '0.00'),
(1269, 367, 60, 1, '1.50', '0.00', '0.00'),
(1270, 367, 59, 1, '5.00', '0.00', '0.00'),
(1271, 367, 55, 1, '8.00', '0.00', '0.00'),
(1272, 367, 56, 1, '15.00', '0.00', '0.00'),
(1273, 367, 58, 1, '11.00', '0.00', '0.00'),
(1274, 368, 97, 1, '30.00', '0.00', '27.00'),
(1275, 368, 46, 2, '12.00', '0.00', '11.00'),
(1276, 368, 59, 3, '5.00', '0.00', '0.00'),
(1277, 368, 60, 1, '1.50', '0.00', '0.00'),
(1278, 368, 95, 1, '20.00', '0.00', '18.00'),
(1279, 369, 8, 3, '19.00', '0.00', '16.00'),
(1280, 369, 84, 3, '3.50', '0.00', '3.00'),
(1281, 369, 19, 1, '7.00', '0.00', '5.00'),
(1282, 369, 77, 3, '2.50', '0.00', '0.00'),
(1283, 369, 81, 3, '6.00', '0.00', '0.00'),
(1284, 369, 78, 3, '3.00', '0.00', '0.00'),
(1285, 370, 8, 3, '19.00', '0.00', '17.00'),
(1286, 370, 84, 3, '3.50', '0.00', '3.00'),
(1287, 370, 19, 1, '7.00', '0.00', '5.00'),
(1288, 370, 77, 3, '2.50', '0.00', '0.00'),
(1289, 370, 81, 3, '6.00', '0.00', '0.00'),
(1290, 370, 78, 3, '3.00', '0.00', '0.00'),
(1291, 371, 77, 2, '2.50', '0.00', '0.00'),
(1292, 371, 81, 2, '6.00', '0.00', '0.00'),
(1293, 371, 85, 4, '2.50', '0.00', '2.00'),
(1294, 371, 84, 2, '3.50', '0.00', '3.00'),
(1295, 371, 60, 3, '1.50', '0.00', '0.00'),
(1296, 371, 59, 5, '5.00', '0.00', '0.00'),
(1297, 372, 59, 3, '5.00', '0.00', '0.00'),
(1298, 372, 12, 2, '20.00', '0.00', '18.00'),
(1299, 372, 15, 2, '3.00', '0.00', '2.00'),
(1300, 372, 60, 4, '1.50', '0.00', '0.00'),
(1301, 372, 13, 2, '2.50', '0.00', '1.80'),
(1302, 373, 12, 1, '20.00', '0.00', '18.00'),
(1303, 373, 77, 2, '2.50', '0.00', '0.00'),
(1304, 373, 80, 2, '5.00', '0.00', '0.00'),
(1305, 373, 92, 1, '2.50', '0.00', '2.00'),
(1306, 373, 87, 2, '3.50', '0.00', '2.00'),
(1307, 373, 88, 3, '2.50', '0.00', '2.00'),
(1308, 373, 38, 1, '19.00', '0.00', '0.00'),
(1309, 374, 94, 1, '16.00', '0.00', '14.00'),
(1310, 374, 12, 1, '20.00', '0.00', '18.00'),
(1311, 374, 17, 1, '0.50', '0.00', '0.30'),
(1312, 375, 97, 1, '30.00', '0.00', '27.00'),
(1313, 375, 94, 1, '16.00', '0.00', '14.00'),
(1314, 375, 93, 1, '2.00', '0.00', '1.00'),
(1315, 376, 85, 1, '2.50', '0.00', '2.00'),
(1316, 376, 95, 1, '20.00', '0.00', '18.00'),
(1317, 377, 98, 1, '31.00', '0.00', '28.00'),
(1318, 377, 96, 1, '5.00', '0.00', '4.00'),
(1319, 377, 95, 1, '20.00', '0.00', '18.00'),
(1320, 378, 98, 1, '31.00', '0.00', '28.00'),
(1321, 378, 97, 1, '30.00', '0.00', '27.00'),
(1322, 378, 95, 1, '20.00', '0.00', '18.00'),
(1323, 379, 71, 2, '1.50', '0.00', '0.00'),
(1324, 379, 8, 2, '19.00', '0.00', '17.00'),
(1325, 380, 59, 1, '5.00', '0.00', '0.00'),
(1326, 380, 92, 10, '2.50', '0.00', '2.00'),
(1327, 381, 106, 4, '4.00', '0.00', '0.00'),
(1328, 381, 98, 1, '31.00', '0.00', '28.00'),
(1329, 382, 71, 10, '1.50', '0.00', '0.00'),
(1330, 382, 72, 20, '0.50', '0.00', '0.00'),
(1331, 382, 75, 5, '1.00', '0.00', '0.00'),
(1332, 383, 60, 2, '1.50', '0.00', '0.00'),
(1333, 383, 59, 2, '5.00', '0.00', '0.00'),
(1334, 384, 97, 1, '30.00', '0.00', '27.00'),
(1335, 385, 4, 10, '10.00', '10.00', '8.00'),
(1336, 386, 98, 1, '31.00', '0.00', '28.00'),
(1337, 386, 94, 1, '16.00', '0.00', '14.00'),
(1338, 386, 92, 1, '2.50', '0.00', '2.00'),
(1339, 387, 98, 1, '31.00', '0.00', '28.00'),
(1340, 387, 94, 1, '16.00', '0.00', '14.00'),
(1341, 387, 85, 1, '2.50', '0.00', '2.00'),
(1342, 388, 4, 10, '10.00', '10.00', '8.00'),
(1343, 389, 4, 5, '10.00', '5.00', '8.00'),
(1344, 390, 98, 1, '31.00', '1.00', '28.00'),
(1345, 390, 106, 2, '4.00', '1.00', '3.00'),
(1346, 391, 96, 1, '5.00', '2.00', '4.00'),
(1347, 391, 93, 5, '2.00', '2.00', '0.00'),
(1348, 391, 92, 5, '2.50', '2.00', '0.00'),
(1349, 392, 97, 1, '30.00', '0.00', '27.00'),
(1350, 392, 98, 1, '31.00', '0.00', '28.00'),
(1351, 392, 106, 1, '4.00', '0.00', '0.00'),
(1352, 393, 106, 1, '4.00', '0.00', '0.00'),
(1353, 394, 78, 1, '3.00', '0.00', '0.00'),
(1354, 394, 84, 1, '3.50', '0.00', '3.00'),
(1355, 395, 84, 1, '3.50', '0.00', '3.00'),
(1356, 395, 76, 1, '2.00', '0.00', '0.00'),
(1357, 396, 96, 1, '5.00', '0.00', '4.00'),
(1358, 397, 102, 1, '6.00', '0.00', '5.00'),
(1359, 398, 10, 1, '7.00', '0.00', '5.00'),
(1360, 399, 102, 1, '6.00', '0.00', '5.00'),
(1361, 400, 10, 1, '7.00', '0.00', '5.00'),
(1362, 401, 82, 1, '7.00', '0.00', '6.00'),
(1363, 402, 3, 1, '50.00', '0.00', '45.00'),
(1364, 403, 60, 1, '1.50', '0.00', '0.00'),
(1365, 403, 59, 1, '5.00', '0.00', '0.00'),
(1366, 404, 59, 1, '5.00', '0.00', '0.00'),
(1367, 405, 98, 1, '31.00', '0.00', '28.00'),
(1368, 406, 106, 1, '4.00', '0.00', '0.00'),
(1369, 407, 106, 1, '4.00', '0.00', '0.00'),
(1370, 408, 97, 1, '30.00', '0.00', '27.00'),
(1371, 409, 85, 1, '2.50', '0.00', '2.00'),
(1372, 410, 85, 1, '2.50', '0.00', '2.00'),
(1373, 411, 95, 1, '20.00', '0.00', '18.00'),
(1374, 412, 14, 1, '2.00', '0.00', '1.50'),
(1375, 412, 23, 1, '3.00', '0.00', '1.80'),
(1376, 413, 81, 1, '6.00', '0.00', '0.00'),
(1377, 414, 13, 1, '2.50', '0.00', '1.80'),
(1378, 414, 77, 1, '2.50', '0.00', '0.00'),
(1379, 415, 13, 1, '2.50', '0.00', '1.80'),
(1380, 415, 77, 1, '2.50', '0.00', '0.00'),
(1381, 416, 85, 1, '2.50', '0.00', '2.00'),
(1382, 417, 76, 1, '2.00', '0.00', '0.00'),
(1383, 417, 92, 1, '2.50', '0.00', '2.00'),
(1384, 418, 88, 1, '2.50', '0.00', '2.00'),
(1385, 418, 76, 2, '2.00', '0.00', '0.00'),
(1386, 418, 63, 3, '1.00', '0.00', '0.00'),
(1387, 419, 88, 1, '2.50', '0.00', '2.00'),
(1388, 419, 76, 2, '2.00', '0.00', '0.00'),
(1389, 419, 63, 3, '1.00', '0.00', '0.00'),
(1390, 420, 87, 1, '3.50', '0.00', '2.00'),
(1391, 421, 63, 1, '1.00', '0.00', '0.00'),
(1392, 421, 72, 6, '0.50', '0.00', '0.00'),
(1393, 421, 73, 6, '0.50', '0.00', '0.00'),
(1394, 422, 95, 1, '20.00', '0.00', '18.00'),
(1395, 423, 73, 1, '0.50', '0.00', '0.00'),
(1396, 423, 72, 1, '0.50', '0.00', '0.00'),
(1397, 423, 81, 1, '6.00', '0.00', '0.00'),
(1398, 424, 95, 1, '20.00', '0.00', '18.00'),
(1399, 425, 77, 1, '2.50', '0.00', '0.00'),
(1400, 425, 92, 2, '2.50', '0.00', '2.00'),
(1401, 426, 94, 1, '16.00', '0.00', '14.00'),
(1402, 427, 92, 1, '2.50', '0.00', '2.00'),
(1403, 427, 88, 1, '2.50', '0.00', '2.00'),
(1404, 427, 89, 1, '2.00', '0.00', '1.00'),
(1405, 427, 76, 1, '2.00', '0.00', '0.00'),
(1406, 428, 106, 1, '4.00', '0.00', '0.00'),
(1407, 429, 80, 1, '5.00', '0.00', '0.00'),
(1408, 429, 90, 1, '3.50', '0.00', '3.00'),
(1409, 430, 106, 1, '4.00', '0.00', '0.00'),
(1410, 431, 87, 1, '3.50', '0.00', '2.00'),
(1411, 431, 88, 1, '2.50', '0.00', '2.00'),
(1412, 432, 96, 1, '5.00', '0.00', '4.00'),
(1413, 433, 87, 1, '3.50', '0.00', '1.00'),
(1414, 433, 93, 1, '2.00', '0.00', '1.00'),
(1415, 434, 19, 1, '7.00', '0.00', '5.00'),
(1416, 435, 33, 1, '2.00', '0.00', '1.00'),
(1417, 436, 18, 1, '2.40', '0.00', '1.80'),
(1418, 436, 15, 1, '3.00', '0.00', '2.00'),
(1419, 437, 15, 1, '3.00', '0.00', '2.00'),
(1420, 437, 53, 3, '0.80', '0.00', '0.00'),
(1421, 438, 71, 1, '1.50', '0.00', '0.00'),
(1422, 439, 59, 1, '5.00', '0.00', '0.00'),
(1423, 439, 45, 1, '2.00', '0.00', '1.00'),
(1424, 440, 71, 1, '1.50', '0.00', '0.00'),
(1425, 441, 45, 3, '2.00', '0.00', '1.00'),
(1426, 441, 63, 4, '1.00', '0.00', '0.00'),
(1427, 442, 73, 4, '0.50', '0.00', '0.00'),
(1428, 442, 72, 5, '0.50', '0.00', '0.00'),
(1429, 443, 71, 2, '1.50', '0.00', '0.00'),
(1430, 443, 18, 1, '2.40', '0.00', '1.80'),
(1431, 444, 18, 1, '2.40', '0.00', '1.80'),
(1432, 444, 88, 2, '2.50', '0.00', '2.00'),
(1433, 445, 22, 1, '3.00', '0.00', '1.50'),
(1434, 445, 7, 1, '2.50', '0.00', '2.00'),
(1435, 446, 24, 1, '4.00', '0.00', '2.50'),
(1436, 446, 18, 1, '2.40', '0.00', '1.80'),
(1437, 447, 24, 1, '4.00', '0.00', '2.50'),
(1438, 447, 7, 1, '2.50', '0.00', '1.80'),
(1439, 448, 7, 2, '2.50', '0.00', '1.80'),
(1440, 449, 11, 1, '12.00', '0.00', '9.00'),
(1441, 450, 94, 1, '16.00', '0.00', '14.00'),
(1442, 451, 11, 1, '12.00', '0.00', '10.00'),
(1443, 452, 33, 1, '2.00', '0.00', '1.00'),
(1444, 452, 84, 1, '3.50', '0.00', '3.00'),
(1445, 453, 82, 1, '7.00', '0.00', '6.00'),
(1446, 454, 11, 1, '12.00', '0.00', '10.00'),
(1447, 455, 15, 1, '3.00', '0.00', '2.00'),
(1448, 455, 24, 1, '4.00', '0.00', '2.50'),
(1449, 456, 24, 1, '4.00', '0.00', '2.50'),
(1450, 456, 22, 1, '3.00', '0.00', '1.50'),
(1451, 456, 9, 1, '3.80', '0.00', '2.50'),
(1452, 457, 100, 2, '8.00', '0.00', '6.00'),
(1453, 458, 99, 2, '2.00', '0.00', '1.00'),
(1454, 458, 58, 1, '11.00', '0.00', '0.00'),
(1455, 459, 74, 1, '5.00', '0.00', '0.00'),
(1456, 459, 73, 5, '0.50', '0.00', '0.00'),
(1457, 459, 72, 5, '0.50', '0.00', '0.00'),
(1458, 460, 63, 2, '1.00', '0.00', '0.00'),
(1459, 460, 92, 2, '2.50', '0.00', '2.00'),
(1460, 460, 89, 2, '2.00', '0.00', '1.00'),
(1461, 460, 90, 2, '3.50', '0.00', '3.00'),
(1462, 460, 88, 2, '2.50', '0.00', '2.00'),
(1463, 460, 93, 2, '2.00', '0.00', '1.00'),
(1464, 461, 92, 1, '2.50', '0.00', '2.00'),
(1465, 461, 90, 1, '3.50', '0.00', '3.00'),
(1466, 461, 88, 1, '2.50', '0.00', '1.00'),
(1467, 461, 89, 1, '2.00', '0.00', '1.00'),
(1468, 461, 48, 1, '7.00', '0.00', '5.00'),
(1469, 462, 49, 1, '14.00', '0.00', '13.00'),
(1470, 462, 90, 1, '3.50', '0.00', '3.00'),
(1471, 463, 34, 4, '5.00', '0.00', '3.00'),
(1472, 463, 32, 3, '5.00', '0.00', '3.00'),
(1473, 463, 60, 2, '1.50', '0.00', '0.00'),
(1474, 464, 59, 3, '5.00', '0.00', '0.00'),
(1475, 464, 60, 4, '1.50', '0.00', '0.00'),
(1476, 464, 40, 3, '1.00', '0.00', '0.50'),
(1477, 465, 59, 3, '5.00', '0.00', '0.00'),
(1478, 465, 60, 4, '1.50', '0.00', '0.00'),
(1479, 465, 40, 3, '1.00', '0.00', '0.50'),
(1480, 466, 59, 3, '5.00', '0.00', '0.00'),
(1481, 466, 60, 4, '1.50', '0.00', '0.00'),
(1482, 466, 40, 3, '1.00', '0.00', '0.50'),
(1483, 467, 59, 3, '5.00', '0.00', '0.00'),
(1484, 467, 60, 4, '1.50', '0.00', '0.00'),
(1485, 467, 40, 3, '1.00', '0.00', '0.50'),
(1486, 468, 74, 1, '5.00', '0.00', '0.00'),
(1487, 468, 49, 1, '14.00', '0.00', '13.00'),
(1488, 468, 59, 1, '5.00', '0.00', '0.00'),
(1489, 469, 10, 1, '7.00', '0.00', '5.00'),
(1490, 469, 7, 1, '2.50', '0.00', '1.80'),
(1491, 470, 18, 1, '2.40', '0.00', '1.80'),
(1492, 470, 8, 1, '19.00', '0.00', '17.00'),
(1493, 470, 24, 1, '4.00', '0.00', '2.50'),
(1494, 470, 47, 1, '4.00', '0.00', '2.00'),
(1495, 471, 47, 1, '4.00', '0.00', '2.00'),
(1496, 471, 49, 1, '14.00', '0.00', '13.00'),
(1497, 471, 97, 1, '30.00', '0.00', '27.00'),
(1498, 472, 97, 1, '30.00', '0.00', '27.00'),
(1499, 472, 48, 1, '7.00', '0.00', '5.00'),
(1500, 472, 46, 1, '12.00', '0.00', '11.00'),
(1501, 473, 96, 1, '5.00', '0.00', '4.00'),
(1502, 473, 94, 1, '16.00', '0.00', '14.00'),
(1503, 474, 47, 3, '4.00', '0.00', '2.00'),
(1504, 474, 46, 1, '12.00', '0.00', '11.00'),
(1505, 475, 46, 1, '12.00', '0.00', '0.00'),
(1506, 475, 47, 1, '4.00', '0.00', '2.00'),
(1507, 475, 48, 1, '7.00', '0.00', '5.00'),
(1508, 476, 74, 1, '5.00', '0.00', '0.00'),
(1509, 476, 96, 1, '5.00', '0.00', '4.00'),
(1510, 476, 94, 1, '16.00', '0.00', '14.00'),
(1511, 477, 94, 1, '16.00', '0.00', '14.00'),
(1512, 477, 95, 1, '20.00', '0.00', '17.00'),
(1513, 478, 14, 1, '2.00', '0.00', '1.50'),
(1514, 478, 16, 1, '2.50', '0.00', '2.00'),
(1515, 478, 24, 1, '4.00', '0.00', '2.50'),
(1516, 478, 10, 1, '7.00', '0.00', '5.00'),
(1517, 478, 8, 1, '19.00', '0.00', '17.00'),
(1518, 479, 8, 1, '19.00', '0.00', '17.00'),
(1519, 479, 11, 1, '12.00', '0.00', '10.00'),
(1520, 479, 19, 1, '7.00', '0.00', '5.00'),
(1521, 480, 96, 1, '5.00', '0.00', '4.00'),
(1522, 480, 74, 1, '5.00', '0.00', '0.00'),
(1523, 480, 72, 6, '0.50', '0.00', '0.00'),
(1524, 480, 73, 6, '0.50', '0.00', '0.00'),
(1525, 481, 73, 4, '0.50', '0.00', '0.00'),
(1526, 481, 72, 4, '0.50', '0.00', '0.00'),
(1527, 481, 74, 1, '5.00', '0.00', '0.00'),
(1528, 481, 94, 1, '16.00', '0.00', '14.00'),
(1529, 481, 96, 1, '5.00', '0.00', '4.00'),
(1530, 482, 34, 1, '5.00', '0.00', '3.00'),
(1531, 482, 32, 1, '5.00', '0.00', '3.00'),
(1532, 482, 26, 1, '20.00', '0.00', '18.00'),
(1533, 482, 84, 1, '3.50', '0.00', '3.00'),
(1534, 483, 84, 2, '3.50', '0.00', '3.00'),
(1535, 483, 26, 1, '20.00', '0.00', '18.00'),
(1536, 483, 77, 2, '2.50', '0.00', '0.00'),
(1537, 484, 77, 1, '2.50', '0.00', '0.00'),
(1538, 484, 80, 1, '5.00', '0.00', '0.00'),
(1539, 484, 84, 2, '3.50', '0.00', '3.00'),
(1540, 484, 25, 2, '24.00', '0.00', '20.00'),
(1541, 485, 97, 1, '30.00', '0.00', '27.00'),
(1542, 485, 46, 1, '12.00', '0.00', '0.00'),
(1543, 485, 49, 1, '14.00', '0.00', '13.00'),
(1544, 486, 98, 1, '31.00', '0.00', '28.00'),
(1545, 486, 95, 1, '20.00', '0.00', '17.00'),
(1546, 486, 97, 1, '30.00', '0.00', '27.00'),
(1547, 487, 104, 2, '3.00', '0.00', '2.00'),
(1548, 487, 97, 1, '30.00', '0.00', '27.00'),
(1549, 488, 106, 1, '4.00', '0.00', '0.00'),
(1550, 488, 98, 1, '31.00', '0.00', '28.00'),
(1551, 488, 97, 1, '30.00', '0.00', '27.00'),
(1552, 489, 106, 1, '4.00', '0.00', '0.00'),
(1553, 489, 95, 1, '20.00', '0.00', '17.00'),
(1554, 489, 10, 1, '7.00', '0.00', '5.00'),
(1555, 490, 97, 1, '30.00', '0.00', '27.00'),
(1556, 490, 93, 1, '2.00', '0.00', '1.00'),
(1557, 490, 84, 1, '3.50', '0.00', '3.00'),
(1558, 491, 93, 1, '2.00', '0.00', '1.00'),
(1559, 491, 96, 1, '5.00', '0.00', '4.00'),
(1560, 491, 97, 1, '30.00', '0.00', '27.00'),
(1561, 492, 17, 2, '0.50', '0.00', '0.30'),
(1562, 492, 11, 1, '12.00', '0.00', '10.00'),
(1563, 492, 19, 3, '7.00', '0.00', '5.00'),
(1564, 493, 18, 1, '2.40', '0.00', '1.80'),
(1565, 493, 96, 1, '5.00', '0.00', '4.00'),
(1566, 493, 94, 1, '16.00', '0.00', '14.00'),
(1567, 493, 16, 1, '2.50', '0.00', '2.00'),
(1568, 494, 16, 1, '2.50', '0.00', '2.00'),
(1569, 494, 8, 1, '19.00', '0.00', '17.00'),
(1570, 494, 84, 1, '3.50', '0.00', '3.00'),
(1571, 494, 11, 1, '12.00', '0.00', '10.00'),
(1572, 495, 10, 1, '7.00', '0.00', '5.00'),
(1573, 495, 8, 1, '19.00', '0.00', '17.00'),
(1574, 495, 62, 1, '5.00', '0.00', '0.00'),
(1575, 495, 46, 2, '12.00', '0.00', '0.00'),
(1576, 495, 34, 1, '5.00', '0.00', '3.00'),
(1577, 496, 98, 1, '31.00', '0.00', '28.00'),
(1578, 496, 97, 1, '30.00', '0.00', '27.00'),
(1579, 496, 46, 1, '12.00', '0.00', '0.00'),
(1580, 496, 47, 1, '4.00', '0.00', '2.00'),
(1581, 497, 104, 1, '3.00', '0.00', '2.00'),
(1582, 497, 102, 1, '6.00', '0.00', '5.00'),
(1583, 497, 105, 1, '4.00', '0.00', '0.00'),
(1584, 497, 106, 1, '4.00', '0.00', '0.00'),
(1585, 497, 101, 1, '3.00', '0.00', '2.00'),
(1586, 498, 98, 1, '31.00', '0.00', '28.00'),
(1587, 498, 101, 1, '3.00', '0.00', '2.00'),
(1588, 498, 102, 1, '6.00', '0.00', '5.00'),
(1589, 499, 8, 1, '19.00', '0.00', '17.00'),
(1590, 499, 19, 1, '7.00', '0.00', '5.00'),
(1591, 499, 11, 1, '12.00', '0.00', '10.00'),
(1592, 500, 106, 1, '4.00', '0.00', '0.00'),
(1593, 500, 56, 1, '15.00', '0.00', '0.00'),
(1594, 500, 55, 1, '8.00', '0.00', '0.00'),
(1595, 500, 50, 1, '0.80', '0.00', '0.40'),
(1596, 501, 104, 1, '3.00', '0.00', '0.00'),
(1597, 501, 98, 1, '31.00', '0.00', '28.00'),
(1598, 501, 101, 1, '3.00', '0.00', '2.00'),
(1599, 501, 106, 1, '4.00', '0.00', '0.00'),
(1600, 502, 106, 1, '4.00', '0.00', '0.00'),
(1601, 502, 98, 1, '31.00', '0.00', '28.00'),
(1602, 502, 101, 1, '3.00', '0.00', '2.00'),
(1603, 502, 102, 1, '6.00', '0.00', '5.00'),
(1604, 502, 97, 1, '30.00', '0.00', '27.00'),
(1605, 503, 106, 1, '4.00', '0.00', '0.00'),
(1606, 503, 98, 1, '31.00', '0.00', '28.00'),
(1607, 503, 97, 1, '30.00', '0.00', '27.00'),
(1608, 504, 8, 1, '19.00', '0.00', '17.00'),
(1609, 504, 18, 1, '2.40', '0.00', '1.80'),
(1610, 504, 95, 1, '20.00', '0.00', '17.00'),
(1611, 505, 106, 1, '4.00', '0.00', '0.00'),
(1612, 505, 95, 1, '20.00', '0.00', '17.00'),
(1613, 505, 93, 1, '2.00', '0.00', '1.00'),
(1614, 506, 95, 1, '20.00', '0.00', '17.00'),
(1615, 506, 96, 1, '5.00', '0.00', '4.00'),
(1616, 506, 98, 1, '31.00', '0.00', '28.00'),
(1617, 506, 93, 1, '2.00', '0.00', '1.00'),
(1618, 507, 106, 1, '4.00', '0.00', '0.00'),
(1619, 507, 96, 1, '5.00', '0.00', '4.00'),
(1620, 507, 95, 1, '20.00', '0.00', '17.00'),
(1621, 507, 93, 1, '2.00', '0.00', '1.00'),
(1622, 508, 106, 1, '4.00', '0.00', '0.00'),
(1623, 508, 96, 1, '5.00', '0.00', '4.00'),
(1624, 508, 95, 1, '20.00', '0.00', '17.00'),
(1625, 508, 93, 1, '2.00', '0.00', '1.00'),
(1626, 509, 106, 1, '4.00', '0.00', '0.00'),
(1627, 509, 104, 3, '3.00', '0.00', '0.00'),
(1628, 509, 101, 2, '3.00', '0.00', '2.00'),
(1629, 509, 98, 1, '31.00', '0.00', '28.00'),
(1630, 510, 71, 1, '1.50', '0.00', '0.00'),
(1631, 510, 33, 1, '2.00', '0.00', '1.00'),
(1632, 510, 62, 1, '5.00', '0.00', '0.00'),
(1633, 510, 8, 1, '19.00', '0.00', '16.00'),
(1634, 510, 7, 1, '2.50', '0.00', '1.80'),
(1635, 511, 96, 1, '5.00', '0.00', '4.00'),
(1636, 511, 93, 1, '2.00', '0.00', '1.00'),
(1637, 511, 92, 1, '2.50', '0.00', '2.00'),
(1638, 511, 98, 1, '31.00', '0.00', '28.00'),
(1639, 512, 93, 1, '2.00', '0.00', '1.00'),
(1640, 512, 92, 1, '2.50', '0.00', '1.00'),
(1641, 512, 90, 1, '3.50', '0.00', '3.00'),
(1642, 513, 10, 1, '7.00', '0.00', '5.00'),
(1643, 513, 7, 1, '2.50', '0.00', '1.80'),
(1644, 513, 47, 1, '4.00', '0.00', '2.00'),
(1645, 514, 47, 1, '4.00', '0.00', '2.00'),
(1646, 514, 97, 1, '30.00', '0.00', '27.00'),
(1647, 514, 46, 1, '12.00', '0.00', '0.00'),
(1648, 515, 46, 1, '12.00', '0.00', '0.00'),
(1649, 515, 47, 1, '4.00', '0.00', '2.00'),
(1650, 516, 47, 1, '4.00', '0.00', '2.00'),
(1651, 516, 97, 1, '30.00', '0.00', '27.00'),
(1652, 516, 49, 1, '14.00', '0.00', '13.00'),
(1653, 517, 49, 1, '14.00', '0.00', '13.00'),
(1654, 517, 97, 1, '30.00', '0.00', '27.00'),
(1655, 517, 43, 1, '10.00', '0.00', '5.00'),
(1656, 518, 43, 1, '10.00', '0.00', '5.00'),
(1657, 518, 49, 1, '14.00', '0.00', '13.00'),
(1658, 518, 46, 1, '12.00', '0.00', '0.00'),
(1659, 519, 15, 1, '3.00', '0.00', '2.00'),
(1660, 519, 8, 1, '19.00', '0.00', '16.00'),
(1661, 520, 15, 1, '3.00', '0.00', '2.00'),
(1662, 520, 8, 1, '19.00', '0.00', '16.00'),
(1663, 521, 12, 1, '20.00', '0.00', '18.00'),
(1664, 521, 97, 1, '30.00', '0.00', '27.00'),
(1665, 521, 88, 1, '2.50', '0.00', '1.00'),
(1666, 521, 87, 1, '3.50', '0.00', '2.00'),
(1667, 521, 62, 1, '5.00', '0.00', '0.00'),
(1668, 522, 106, 1, '4.00', '0.00', '0.00'),
(1669, 522, 104, 1, '3.00', '0.00', '0.00'),
(1670, 522, 105, 1, '4.00', '0.00', '0.00'),
(1671, 522, 97, 1, '30.00', '0.00', '27.00'),
(1672, 523, 106, 1, '4.00', '0.00', '0.00'),
(1673, 523, 104, 1, '3.00', '0.00', '0.00'),
(1674, 523, 105, 1, '4.00', '0.00', '0.00'),
(1675, 523, 97, 1, '30.00', '0.00', '27.00'),
(1676, 524, 106, 1, '4.00', '0.00', '0.00'),
(1677, 524, 96, 1, '5.00', '0.00', '3.00'),
(1678, 524, 98, 1, '31.00', '0.00', '28.00'),
(1679, 525, 106, 1, '4.00', '0.00', '0.00'),
(1680, 525, 104, 1, '3.00', '0.00', '0.00'),
(1681, 525, 102, 1, '6.00', '0.00', '5.00'),
(1682, 525, 101, 1, '3.00', '0.00', '2.00'),
(1683, 526, 59, 1, '5.00', '0.00', '0.00'),
(1684, 526, 106, 1, '4.00', '0.00', '0.00'),
(1685, 526, 104, 1, '3.00', '0.00', '0.00'),
(1686, 526, 97, 1, '30.00', '0.00', '27.00'),
(1687, 527, 98, 1, '31.00', '0.00', '28.00'),
(1688, 527, 97, 1, '30.00', '0.00', '27.00'),
(1689, 528, 104, 1, '3.00', '0.00', '0.00'),
(1690, 528, 98, 1, '31.00', '0.00', '28.00'),
(1691, 528, 58, 1, '11.00', '0.00', '0.00'),
(1692, 529, 106, 1, '4.00', '0.00', '0.00'),
(1693, 529, 101, 1, '3.00', '0.00', '2.00'),
(1694, 529, 104, 1, '3.00', '0.00', '0.00'),
(1695, 529, 58, 1, '11.00', '0.00', '0.00'),
(1696, 530, 102, 1, '6.00', '0.00', '5.00'),
(1697, 530, 104, 1, '3.00', '0.00', '0.00'),
(1698, 530, 13, 1, '2.50', '0.00', '1.80'),
(1699, 530, 24, 1, '4.00', '0.00', '2.50'),
(1700, 531, 20, 1, '12.00', '0.00', '11.00'),
(1701, 531, 14, 1, '2.00', '0.00', '1.50'),
(1702, 531, 94, 1, '16.00', '0.00', '14.00'),
(1703, 531, 98, 1, '31.00', '0.00', '28.00'),
(1704, 532, 73, 5, '0.50', '0.00', '0.00'),
(1705, 532, 72, 5, '0.50', '0.00', '0.00'),
(1706, 532, 94, 1, '16.00', '0.00', '14.00'),
(1707, 533, 106, 1, '4.00', '0.00', '0.00'),
(1708, 533, 21, 1, '4.00', '0.00', '3.00'),
(1709, 533, 24, 1, '4.00', '0.00', '2.50'),
(1710, 533, 12, 1, '20.00', '0.00', '18.00'),
(1711, 534, 12, 1, '20.00', '0.00', '18.00'),
(1712, 534, 24, 1, '4.00', '0.00', '2.50'),
(1713, 534, 94, 1, '16.00', '0.00', '14.00'),
(1714, 534, 95, 1, '20.00', '0.00', '18.00'),
(1715, 535, 12, 1, '20.00', '0.00', '18.00'),
(1716, 535, 24, 1, '4.00', '0.00', '2.50'),
(1717, 535, 94, 1, '16.00', '0.00', '14.00'),
(1718, 535, 95, 1, '20.00', '0.00', '18.00'),
(1719, 536, 32, 1, '5.00', '0.00', '3.00'),
(1720, 536, 106, 1, '4.00', '0.00', '0.00'),
(1721, 536, 58, 1, '11.00', '0.00', '0.00'),
(1722, 536, 56, 1, '15.00', '0.00', '0.00'),
(1723, 536, 53, 1, '0.80', '0.00', '0.00'),
(1724, 536, 50, 1, '0.80', '0.00', '0.40'),
(1725, 536, 54, 1, '1.00', '0.00', '0.00'),
(1726, 537, 54, 4, '1.00', '0.00', '0.00'),
(1727, 537, 106, 1, '4.00', '0.00', '0.00'),
(1728, 537, 59, 1, '5.00', '0.00', '0.00'),
(1729, 537, 49, 1, '14.00', '0.00', '13.00'),
(1730, 538, 49, 1, '14.00', '0.00', '13.00'),
(1731, 538, 88, 1, '2.50', '0.00', '1.00'),
(1732, 538, 34, 3, '5.00', '0.00', '3.00'),
(1733, 538, 84, 3, '3.50', '0.00', '2.80'),
(1734, 538, 26, 2, '20.00', '0.00', '18.00'),
(1735, 539, 25, 1, '24.00', '0.00', '20.00'),
(1736, 539, 78, 1, '3.00', '0.00', '0.00'),
(1737, 539, 77, 1, '2.50', '0.00', '0.00'),
(1738, 539, 76, 1, '2.00', '0.00', '0.00'),
(1739, 539, 81, 1, '6.00', '0.00', '0.00'),
(1740, 539, 84, 3, '3.50', '0.00', '2.00'),
(1741, 540, 8, 1, '19.00', '0.00', '17.00'),
(1742, 540, 12, 1, '20.00', '0.00', '18.00'),
(1743, 540, 23, 1, '3.00', '0.00', '1.80'),
(1744, 540, 14, 1, '2.00', '0.00', '1.50'),
(1745, 540, 95, 1, '20.00', '0.00', '18.00'),
(1746, 541, 13, 1, '2.50', '0.00', '1.80'),
(1747, 541, 92, 1, '2.50', '0.00', '1.80'),
(1748, 541, 88, 1, '2.50', '0.00', '2.00'),
(1749, 541, 49, 1, '14.00', '0.00', '13.00'),
(1750, 542, 94, 1, '16.00', '0.00', '14.00'),
(1751, 542, 34, 1, '5.00', '0.00', '3.00'),
(1752, 542, 19, 1, '7.00', '0.00', '5.00'),
(1753, 542, 14, 1, '2.00', '0.00', '1.50'),
(1754, 543, 53, 1, '0.80', '0.00', '0.00'),
(1755, 543, 50, 1, '0.80', '0.00', '0.40'),
(1756, 543, 106, 1, '4.00', '0.00', '0.00'),
(1757, 543, 24, 1, '4.00', '0.00', '2.50'),
(1758, 543, 59, 1, '5.00', '0.00', '0.00'),
(1759, 543, 96, 1, '5.00', '0.00', '4.00'),
(1760, 543, 95, 1, '20.00', '0.00', '18.00'),
(1761, 544, 96, 1, '5.00', '0.00', '4.00'),
(1762, 544, 95, 1, '20.00', '0.00', '18.00'),
(1763, 544, 73, 5, '0.50', '0.00', '0.00'),
(1764, 544, 72, 5, '0.50', '0.00', '0.00'),
(1765, 544, 63, 4, '1.00', '0.00', '0.00'),
(1766, 545, 63, 1, '1.00', '0.00', '0.00'),
(1767, 545, 71, 1, '1.50', '0.00', '0.00'),
(1768, 545, 92, 1, '2.50', '0.00', '1.80'),
(1769, 545, 74, 1, '5.00', '0.00', '0.00'),
(1770, 545, 73, 5, '0.50', '0.00', '0.00'),
(1771, 545, 72, 5, '0.50', '0.00', '0.00'),
(1772, 546, 95, 1, '20.00', '0.00', '18.00'),
(1773, 546, 11, 1, '12.00', '0.00', '10.00'),
(1774, 547, 95, 1, '20.00', '0.00', '18.00'),
(1775, 547, 11, 1, '12.00', '0.00', '10.00'),
(1776, 548, 34, 1, '5.00', '0.00', '3.00'),
(1777, 548, 32, 1, '5.00', '0.00', '3.00'),
(1778, 548, 106, 1, '4.00', '0.00', '0.00'),
(1779, 548, 25, 1, '24.00', '0.00', '20.00'),
(1780, 549, 25, 1, '24.00', '0.00', '20.00'),
(1781, 549, 84, 1, '3.50', '0.00', '2.00'),
(1782, 549, 38, 1, '19.00', '0.00', '0.00'),
(1783, 550, 85, 1, '2.50', '0.00', '2.00'),
(1784, 550, 26, 1, '20.00', '0.00', '18.00'),
(1785, 550, 25, 1, '24.00', '0.00', '20.00'),
(1786, 550, 106, 1, '4.00', '0.00', '0.00'),
(1787, 551, 77, 1, '2.50', '0.00', '0.00'),
(1788, 551, 76, 1, '2.00', '0.00', '0.00'),
(1789, 551, 75, 1, '1.00', '0.00', '0.00'),
(1790, 551, 84, 1, '3.50', '0.00', '2.00'),
(1791, 552, 77, 1, '2.50', '0.00', '0.00'),
(1792, 552, 76, 1, '2.00', '0.00', '0.00'),
(1793, 552, 75, 1, '1.00', '0.00', '0.00'),
(1794, 552, 84, 1, '3.50', '0.00', '2.00'),
(1795, 553, 84, 1, '3.50', '0.00', '2.00'),
(1796, 553, 76, 1, '2.00', '0.00', '0.00'),
(1797, 553, 80, 1, '5.00', '0.00', '0.00'),
(1798, 553, 90, 1, '3.50', '0.00', '3.00'),
(1799, 554, 92, 1, '2.50', '0.00', '1.80'),
(1800, 554, 88, 1, '2.50', '0.00', '2.00'),
(1801, 554, 87, 1, '3.50', '0.00', '2.00'),
(1802, 554, 90, 1, '3.50', '0.00', '3.00'),
(1803, 554, 84, 1, '3.50', '0.00', '2.00'),
(1804, 554, 49, 1, '14.00', '0.00', '13.00'),
(1805, 555, 49, 1, '14.00', '0.00', '13.00'),
(1806, 555, 92, 1, '2.50', '0.00', '1.80'),
(1807, 555, 88, 1, '2.50', '0.00', '2.00'),
(1808, 555, 79, 1, '4.00', '0.00', '0.00'),
(1809, 555, 76, 1, '2.00', '0.00', '0.00'),
(1810, 555, 84, 1, '3.50', '0.00', '2.00'),
(1811, 556, 84, 2, '3.50', '0.00', '2.00'),
(1812, 556, 80, 1, '5.00', '0.00', '0.00'),
(1813, 556, 76, 2, '2.00', '0.00', '0.00'),
(1814, 556, 77, 1, '2.50', '0.00', '0.00'),
(1815, 556, 106, 1, '4.00', '0.00', '0.00'),
(1816, 556, 104, 0, '3.00', '0.00', '0.00'),
(1817, 556, 53, 3, '0.80', '0.00', '0.00'),
(1818, 556, 101, 3, '3.00', '0.00', '2.00'),
(1819, 556, 54, 5, '1.00', '0.00', '0.00'),
(1820, 557, 84, 2, '3.50', '0.00', '2.00'),
(1821, 557, 80, 1, '5.00', '0.00', '0.00'),
(1822, 557, 76, 2, '2.00', '0.00', '0.00'),
(1823, 557, 77, 1, '2.50', '0.00', '0.00'),
(1824, 557, 106, 1, '4.00', '0.00', '0.00'),
(1825, 557, 104, 0, '3.00', '0.00', '0.00'),
(1826, 557, 53, 3, '0.80', '0.00', '0.00'),
(1827, 557, 101, 3, '3.00', '0.00', '2.00'),
(1828, 557, 54, 5, '1.00', '0.00', '0.00'),
(1829, 558, 102, 2, '6.00', '0.00', '5.00'),
(1830, 558, 54, 3, '1.00', '0.00', '0.00'),
(1831, 558, 104, 3, '3.00', '0.00', '0.00'),
(1832, 558, 53, 3, '0.80', '0.00', '0.00'),
(1833, 558, 50, 3, '0.80', '0.00', '0.40'),
(1834, 559, 104, 8, '3.00', '0.00', '0.00'),
(1835, 560, 98, 1, '31.00', '0.00', '28.00'),
(1836, 561, 97, 1, '30.00', '0.00', '27.00'),
(1837, 562, 106, 1, '4.00', '0.00', '0.00'),
(1838, 562, 104, 1, '3.00', '0.00', '0.00'),
(1839, 563, 4, 10, '10.00', '10.00', '8.00'),
(1840, 564, 3, 1, '50.00', '10.00', '45.00'),
(1841, 564, 98, 1, '31.00', '0.00', '28.00'),
(1842, 565, 106, 5, '4.00', '0.00', '3.00'),
(1843, 566, 5, 1, '60.00', '0.00', '55.00'),
(1844, 566, 93, 1, '2.00', '0.00', '1.00'),
(1845, 567, 95, 2, '20.00', '0.00', '18.00'),
(1846, 568, 48, 1, '7.00', '0.00', '5.00'),
(1847, 568, 100, 1, '8.00', '0.00', '5.00'),
(1848, 569, 32, 10, '5.00', '5.00', '3.00'),
(1849, 570, 100, 1, '8.00', '0.00', '5.00'),
(1850, 570, 33, 1, '2.00', '0.00', '1.00'),
(1851, 571, 100, 1, '8.00', '0.00', '6.00'),
(1852, 571, 32, 5, '5.00', '0.00', '3.00'),
(1853, 572, 77, 4, '2.50', '0.00', '0.00'),
(1854, 573, 96, 1, '5.00', '0.00', '4.00'),
(1855, 573, 81, 1, '6.00', '0.00', '0.00'),
(1856, 574, 3, 1, '50.00', '0.00', '45.00'),
(1857, 575, 98, 1, '31.00', '0.00', '28.00'),
(1858, 575, 97, 1, '30.00', '0.00', '27.00'),
(1859, 576, 98, 1, '31.00', '0.00', '28.00'),
(1860, 576, 97, 1, '30.00', '0.00', '27.00'),
(1861, 577, 96, 1, '5.00', '0.00', '4.00'),
(1862, 577, 97, 1, '30.00', '0.00', '27.00'),
(1863, 577, 98, 1, '31.00', '0.00', '28.00'),
(1864, 578, 98, 1, '31.00', '0.00', '28.00'),
(1865, 578, 97, 1, '30.00', '0.00', '27.00'),
(1866, 578, 96, 1, '5.00', '0.00', '4.00'),
(1867, 579, 97, 1, '30.00', '0.00', '27.00'),
(1868, 579, 98, 1, '31.00', '0.00', '28.00'),
(1869, 579, 96, 1, '5.00', '0.00', '4.00'),
(1870, 580, 105, 10, '4.00', '5.00', '3.00'),
(1871, 581, 4, 10, '10.00', '15.00', '8.00'),
(1872, 582, 106, 1, '4.00', '0.00', '3.00'),
(1873, 582, 98, 1, '31.00', '0.00', '28.00'),
(1874, 582, 95, 1, '20.00', '0.00', '18.00'),
(1877, 585, 95, 1, '20.00', '0.00', '17.00'),
(1878, 585, 73, 15, '0.50', '1.00', '0.00'),
(1879, 586, 100, 5, '8.00', '0.00', '6.00'),
(1880, 587, 4, 10, '10.00', '15.00', '8.00'),
(1881, 588, 47, 1, '4.00', '0.00', '0.00'),
(1882, 588, 49, 1, '14.00', '0.00', '13.00'),
(1883, 588, 60, 1, '1.50', '0.00', '0.00'),
(1884, 589, 47, 1, '4.00', '0.00', '0.00'),
(1885, 589, 49, 1, '14.00', '0.00', '13.00'),
(1886, 589, 60, 1, '1.50', '0.00', '0.00'),
(1887, 590, 47, 1, '4.00', '0.00', '0.00'),
(1888, 590, 49, 1, '14.00', '0.00', '13.00'),
(1889, 590, 60, 1, '1.50', '0.00', '0.00'),
(1890, 591, 47, 1, '4.00', '0.00', '0.00'),
(1891, 591, 49, 1, '14.00', '0.00', '0.00'),
(1892, 591, 60, 1, '1.50', '0.00', '0.80');

--
-- Triggers `detalle_ventas`
--
DELIMITER $$
CREATE TRIGGER `tr_updStockVenta` AFTER INSERT ON `detalle_ventas` FOR EACH ROW BEGIN
 UPDATE productos SET stock = stock - NEW.cantidad 
 WHERE productos.id = NEW.idproducto;
END
$$
DELIMITER ;

-- --------------------------------------------------------

--
-- Table structure for table `migrations`
--

CREATE TABLE `migrations` (
  `id` int(10) UNSIGNED NOT NULL,
  `migration` varchar(191) COLLATE utf8mb4_unicode_ci NOT NULL,
  `batch` int(11) NOT NULL
) ENGINE=InnoDB DEFAULT CHARSET=utf8mb4 COLLATE=utf8mb4_unicode_ci;

--
-- Dumping data for table `migrations`
--

INSERT INTO `migrations` (`id`, `migration`, `batch`) VALUES
(1, '2014_10_12_100000_create_password_resets_table', 1),
(2, '2018_12_07_212527_create_categorias_table', 1),
(3, '2018_12_16_202808_create_productos_table', 1),
(4, '2018_12_19_144040_create_proveedores_table', 1),
(5, '2018_12_19_210020_create_clientes_table', 1);

-- --------------------------------------------------------

--
-- Table structure for table `password_resets`
--

CREATE TABLE `password_resets` (
  `email` varchar(191) COLLATE utf8mb4_unicode_ci NOT NULL,
  `token` varchar(191) COLLATE utf8mb4_unicode_ci NOT NULL,
  `created_at` timestamp NULL DEFAULT NULL
) ENGINE=InnoDB DEFAULT CHARSET=utf8mb4 COLLATE=utf8mb4_unicode_ci;

-- --------------------------------------------------------

--
-- Table structure for table `productos`
--

CREATE TABLE `productos` (
  `id` int(10) UNSIGNED NOT NULL,
  `idcategoria` int(10) UNSIGNED NOT NULL,
  `codigo` varchar(50) COLLATE utf8mb4_unicode_ci DEFAULT NULL,
  `nombre` varchar(100) COLLATE utf8mb4_unicode_ci NOT NULL,
  `precio_venta` decimal(11,2) NOT NULL,
  `stock` int(11) NOT NULL,
  `condicion` tinyint(1) NOT NULL DEFAULT 1,
  `imagen` varchar(191) COLLATE utf8mb4_unicode_ci NOT NULL,
  `created_at` timestamp NULL DEFAULT NULL,
  `updated_at` timestamp NULL DEFAULT NULL
) ENGINE=InnoDB DEFAULT CHARSET=utf8mb4 COLLATE=utf8mb4_unicode_ci;

--
-- Dumping data for table `productos`
--

INSERT INTO `productos` (`id`, `idcategoria`, `codigo`, `nombre`, `precio_venta`, `stock`, `condicion`, `imagen`, `created_at`, `updated_at`) VALUES
(1, 3, '12345', 'harina de maiz', '4.00', 1, 1, 'NFc59MB4XrqpIfxj.jpg', NULL, '2019-01-17 16:12:11'),
(2, 3, '799665', 'harina de trigo', '3.00', -24, 1, 'Z4cQ6H7r68TmQQHZ.jpg', NULL, '2019-01-17 16:11:59'),
(3, 3, '56666', 'harina para arepas', '50.00', 41, 1, 'gd5tfXoAbO9UYbl5.jpg', NULL, '2019-01-17 16:11:45'),
(4, 9, '5666', 'cerveza heineken', '10.00', 790, 1, '98tMaFO3SZ88RcBB.jpg', NULL, '2019-01-17 16:11:34'),
(5, 9, '46666', 'cerveza golden', '60.00', 64, 1, 'LK5yi0cT19yX33hN.jpg', NULL, '2019-01-17 16:17:34'),
(6, 5, '1111111', 'ace', '71.00', 214, 1, 'd6PRC5PLiNF5RjkW.jpg', '2018-12-19 03:05:48', '2020-07-14 12:43:59'),
(7, 10, '100001', 'Lejia CLOROX 250ml', '2.50', 93, 1, '8lVYsFshmlSnWvA4.png', '2020-07-08 20:07:22', '2020-07-09 09:17:58'),
(8, 10, '100002', 'Lejia CLOROX 4L', '19.00', 83, 1, 'uHXR0hvgxQmZOPmo.png', '2020-07-08 20:12:30', '2020-07-09 09:17:39'),
(9, 10, '100003', 'Cera Sachet SAPOLIO 300ml', '3.80', 86, 1, '2iUE1U8qRWMcHvPj.jpg', '2020-07-08 20:14:28', '2020-07-09 09:17:15'),
(10, 10, '100004', 'Cera Liquida 1L', '7.00', 40, 1, 'pOk6umbU7krmj1tA.jpg', '2020-07-08 20:23:38', '2020-07-09 09:16:18'),
(11, 10, '100005', 'Cera Liquida 1/5  Galon', '12.00', 54, 1, 'eGeVJzvYPMkQoDeS.jpg', '2020-07-08 20:25:02', '2020-07-09 09:16:34'),
(12, 10, '100006', 'Cera Liquida 1 Galon', '20.00', 56, 1, 'D4F7LQr4URaRxGiY.jpg', '2020-07-08 20:26:39', '2020-07-09 09:15:33'),
(13, 10, '100007', 'Escobilla de Ropa', '2.50', 57, 1, '4iqwNIUSnGUcT4Fs.jpg', '2020-07-08 20:29:48', '2020-07-21 15:27:42'),
(14, 10, '100008', 'Escobilla de Ropa Madera', '2.00', 83, 1, 'dUcDtu2k5P97fQVc.jpg', '2020-07-08 20:30:27', '2020-07-21 15:21:53'),
(15, 10, '100009', 'Gancho', '3.00', 95, 1, 'JzMf3NvY7sY44ceA.jpg', '2020-07-08 20:33:28', '2020-07-21 15:27:12'),
(16, 10, '100010', 'Jabon', '2.50', 61, 1, 'zefijqtQjGnDYpdH.png', '2020-07-08 20:36:46', '2020-07-21 15:26:41'),
(17, 10, '100011', 'Añil MUÑEQUITA AZUL 10 gr', '0.50', 47, 1, 'yyPJjTL0o857MsHJ.jpg', '2020-07-08 20:39:23', '2020-07-21 15:23:55'),
(18, 10, '100012', 'Ambientador Poette x 645ml', '2.40', 91, 1, 'TfYfqqquChevEc9E.jpg', '2020-07-08 20:41:29', '2020-07-21 15:23:30'),
(19, 10, '100013', 'Ambientador Poette Spray 360ml', '7.00', 54, 1, 'bDNJc4BrZm3LtljW.png', '2020-07-08 20:43:18', '2020-07-21 15:19:58'),
(20, 10, '100014', 'Escobon', '12.00', 44, 1, 'U4mB57DnMpzrY97S.jpg', '2020-07-08 20:44:35', '2020-07-14 13:10:56'),
(21, 10, '100015', 'Recogedor', '4.00', 15, 1, 'AiISPJKJKTkWevvU.png', '2020-07-08 20:45:59', '2020-07-09 09:09:41'),
(22, 10, '100016', 'Trapeador', '3.00', 53, 1, 'IfJD8RLcQXPHkYzx.jpg', '2020-07-08 20:47:14', '2020-07-21 15:20:41'),
(23, 10, '100017', 'Escobilla de Baño', '3.00', 27, 1, 'Iv3FPB1s3J1yEdYk.jpg', '2020-07-08 20:48:48', '2020-07-09 09:08:24'),
(24, 10, '100018', 'Tirabuzon', '4.00', 135, 1, 't1uARSzaPrpZEdkk.png', '2020-07-08 20:49:55', '2020-07-14 13:11:46'),
(25, 11, '100019', 'Esmalte Sintetico 1 Galon', '24.00', 169, 1, 'ODKf1nrPabXygOZD.jpg', '2020-07-09 09:22:12', '2020-07-09 09:22:12'),
(26, 11, '100020', 'Esmalte sintetico 1/2 Galon', '20.00', 292, 1, 'jSOp2v33rzOWoigz.jpg', '2020-07-09 09:26:25', '2020-07-14 12:59:23'),
(28, 16, '100021', 'Martillo', '20.00', 19, 1, 'MU2KzJxffZ7eOGXA.jpg', '2020-07-09 09:29:09', '2020-07-21 15:19:14'),
(31, 16, '100022', 'Alicate', '8.00', 9, 1, 'IhXuFHPYdCYSB1Yr.png', '2020-07-09 09:30:42', '2020-07-14 13:07:38'),
(32, 16, '100023', 'Clavos de 1', '5.00', 107, 1, 'XtXfL1pJiFJeXkLW.jpg', '2020-07-09 09:32:33', '2020-07-14 13:08:55'),
(33, 16, '100024', 'Lijar', '2.00', 87, 1, 'lHmcdIngmVE3s6mR.jpg', '2020-07-09 09:33:43', '2020-07-14 13:06:47'),
(34, 16, '100025', 'Alambre', '5.00', 84, 1, 'otcFb3rj96npQxOm.jpg', '2020-07-09 09:35:37', '2020-07-14 13:03:51'),
(38, 11, '100026', 'Thinner 1 Galon', '19.00', 139, 1, '2QfHMY2uCdPyrE8C.jpg', '2020-07-09 09:37:46', '2020-07-14 13:03:30'),
(40, 15, '100027', 'Cable mellizo', '1.00', 96, 1, '3KNtiivIyHO0KWQB.jpg', '2020-07-09 09:40:53', '2020-07-21 15:18:19'),
(41, 15, '100028', 'Cable Omnipolar', '2.00', 17, 1, '0i6ytbKOOVXgIazM.png', '2020-07-09 09:42:51', '2020-07-14 13:02:04'),
(42, 15, '100029', 'Enchufe', '1.00', 3, 1, 'FgaSw7R5kabjTF1W.png', '2020-07-09 09:43:49', '2020-07-14 13:00:38'),
(43, 15, '100030', 'Cargador', '10.00', 85, 1, '4zxlU75wW1jEdY8a.jpg', '2020-07-09 09:45:37', '2020-07-14 13:00:17'),
(45, 15, '100031', 'Enchufe Triple', '2.00', 64, 1, '3fZYJ5IC4u4KifY3.png', '2020-07-09 09:46:38', '2020-07-14 12:59:56'),
(46, 15, '100032', 'Suprensor de Picos', '12.00', 109, 1, 'UDzjakH7LwqQmqMN.jpg', '2020-07-09 09:49:03', '2020-07-14 13:11:26'),
(47, 15, '100033', 'Tomacorriente', '4.00', 263, 1, 'Qulunww9YjFiG8tM.png', '2020-07-09 09:50:31', '2020-07-14 13:09:23'),
(48, 15, '100034', 'Cuchilla Electrica', '7.00', 20, 1, 'OfYJM6IkO4boUQQ1.jpg', '2020-07-09 09:52:49', '2020-07-09 09:52:49'),
(49, 15, '100035', 'Cuchilla Termomagnetica', '14.00', 85, 1, 'BDOidGSIh8EnhSUw.png', '2020-07-09 09:53:48', '2020-07-09 09:53:48'),
(50, 13, '100036', 'Union de 1/2', '0.80', 93, 1, 'DrU8923vTOA8sHdU.jpg', '2020-07-09 09:56:05', '2020-07-14 12:57:42'),
(53, 13, '100037', 'Codo de 1/2', '0.80', 227, 1, '2DUUbnnpIyVmBqGo.png', '2020-07-09 09:57:39', '2020-07-14 12:57:14'),
(54, 13, '100038', 'T de 1/2', '1.00', 127, 1, 'BshRjSJ01vnMVc7G.jpg', '2020-07-09 10:00:02', '2020-07-21 15:17:13'),
(55, 13, '100039', 'Tubo de 1/2', '8.00', 136, 1, 'x24FNd8OJyDwDdvi.png', '2020-07-09 10:01:14', '2020-07-14 12:54:52'),
(56, 13, '100040', 'Tubo de 3', '15.00', 96, 1, 'ZqBhoYAcwWDhScDv.jpg', '2020-07-09 10:02:34', '2020-07-14 12:54:24'),
(58, 15, '100041', 'Tubo de luz', '11.00', 156, 1, 'elcOjiU854TO18YG.png', '2020-07-09 10:05:09', '2020-07-09 10:05:09'),
(59, 15, '100042', 'Foco Ahorrador 18W', '5.00', 197, 1, 'lsQzg3FJTJKnYy5V.jpg', '2020-07-09 10:09:53', '2020-07-09 11:23:10'),
(60, 15, '100043', 'Foco Incandescente', '1.50', 124, 1, 'FaElWrjpaoXVPUqD.jpg', '2020-07-09 10:11:20', '2020-07-09 10:11:20'),
(61, 14, '100044', 'Manguera de gas 1/4', '7.00', 10, 1, 'RfAlBmU8T0Ojt3qq.jpg', '2020-07-09 10:16:12', '2020-07-14 12:54:00'),
(62, 14, '100045', 'Valbula de Gas baja Presion', '5.00', 25, 1, '5SgncwUhVH6OhOWN.jpg', '2020-07-09 10:18:10', '2020-07-14 12:49:42'),
(63, 14, '100046', 'Abrazadera de 1/2', '1.00', 338, 1, 'EJdC14OlzIGRscBh.png', '2020-07-09 11:13:19', '2020-07-21 15:16:24'),
(71, 14, '100047', 'Jarra de 1L', '1.50', 224, 1, '12Mnx07VPTa8vFpd.jpg', '2020-07-09 11:16:02', '2020-07-21 15:16:02'),
(72, 14, '100048', 'Cuchara de metal', '0.50', 416, 1, 'Kbw56PeWgW7z32CT.jpg', '2020-07-09 11:17:37', '2020-07-21 15:15:39'),
(73, 14, '100049', 'Tenedor de metal', '0.50', 475, 1, 'IgwCDDdjNi063TWH.jpg', '2020-07-09 11:19:21', '2020-07-14 12:50:18'),
(74, 14, '100050', 'Cuchillo Negro N5', '5.00', 63, 1, 'Qge7GaM87sxVZx3g.jpg', '2020-07-09 11:20:51', '2020-07-14 12:49:57'),
(75, 11, '100051', 'Brocha # 1', '1.00', 129, 1, 'TSbnDWsUoU1QLI8e.jpg', '2020-07-11 19:12:21', '2020-07-14 12:49:08'),
(76, 11, '100052', 'Brocha # 2', '2.00', 215, 1, 'Joot1yKnPoLlWQ9D.jpg', '2020-07-11 19:12:52', '2020-07-14 12:48:04'),
(77, 11, '100053', 'Brocha # 2 1/2', '2.50', 225, 1, 'Ad4pXfnhzgPqAuNB.jpg', '2020-07-11 19:13:46', '2020-07-14 12:48:23'),
(78, 11, '100054', 'Brocha # 3', '3.00', 143, 1, '9XmY40vgSDbDJBew.jpg', '2020-07-11 19:14:22', '2020-07-14 12:48:48'),
(79, 11, '100055', 'Brocha # 4', '4.00', 135, 1, 'XIxvUPL97vAEHcjX.jpg', '2020-07-11 19:15:26', '2020-07-14 12:44:13'),
(80, 11, '100056', 'Brocha # 5', '5.00', 80, 1, 'pFx0lr3omQRMypt4.jpg', '2020-07-11 19:16:13', '2020-07-14 12:47:33'),
(81, 11, '100057', 'Brocha # 6', '6.00', 95, 1, 'iY2EwWOVRCX8aEh5.jpg', '2020-07-11 19:18:54', '2020-07-14 12:47:14'),
(82, 11, '100058', 'Thinner 1L', '7.00', 177, 1, 'ByF0afNLvgM9r0an.jpg', '2020-07-11 19:21:05', '2020-07-14 12:30:33'),
(84, 11, '100059', 'Thinner 500 ml', '3.50', 231, 1, '7AmVPz08rWuldrcw.jpg', '2020-07-11 19:22:15', '2020-07-14 12:39:52'),
(85, 11, '100060', 'Thinner 250 ml', '2.50', 138, 1, '2nnoXAkQxesYWQGs.jpg', '2020-07-11 19:23:15', '2020-07-14 12:36:22'),
(87, 15, '100061', 'Destronillador Estrella Grande', '3.50', 192, 1, '6HfOyvQUJxzBb0HS.jpg', '2020-07-11 20:07:36', '2020-07-14 12:44:36'),
(88, 16, '100062', 'Destornillador Estrella Mediano', '2.50', 128, 1, 'DT2lEe4sVocKnaAn.jpg', '2020-07-11 20:08:26', '2020-07-14 12:44:53'),
(89, 16, '100063', 'Destornillador Estrella Pequeño', '2.00', 46, 1, 'pGcmTujYIVaWUWF9.jpg', '2020-07-11 20:09:07', '2020-07-14 12:46:53'),
(90, 16, '100064', 'Destornillador Plano Grande', '3.50', 95, 1, 'UQQaAvIIEzxtWV2a.jpg', '2020-07-11 20:10:05', '2020-07-14 12:43:07'),
(92, 16, '100065', 'Destornillador Plano Mediano', '2.50', 239, 1, 'INdAgB0Xmz3qaVQx.jpg', '2020-07-11 20:11:17', '2020-07-14 12:42:50'),
(93, 16, '100066', 'Destornillador Plano Pequeño', '2.00', 133, 1, 'oN4bUnHvViJScLyw.jpg', '2020-07-11 20:12:08', '2020-07-14 12:42:33'),
(94, 10, '9999', 'AYUDÍN LÍQUIDO 1200ML', '16.00', 175, 1, 'Gr4wopWaGX5qjksR.jpg', '2020-07-14 04:56:53', '2020-07-14 12:34:58'),
(95, 10, '45638', 'PAPEL HIGIÉNICO ELITE CELESTE ALOE VERA X 24', '20.00', 226, 1, 'Rxx2CyNQ78Tcuv2G.jpg', '2020-07-14 05:19:59', '2020-07-14 12:32:30'),
(96, 14, '57585', 'Exprimidor de Limones', '5.00', 142, 1, 'VdphHxTWbRIyZZwn.jpg', '2020-07-14 05:39:23', '2020-07-14 12:41:41'),
(97, 15, '89696687', 'Adaptador con línea a tierra 15A', '30.00', 215, 1, 'AEkeQ9rNI4ckdbJ5.jpg', '2020-07-14 07:48:34', '2020-07-14 12:40:15'),
(98, 15, '78987', 'Interruptor Termomagnético Easy 9 MCB 2x16A', '31.00', 180, 1, 'BDS90oz1Fel3I9ci.jpg', '2020-07-14 07:50:23', '2020-07-14 12:41:16'),
(99, 13, '289983', 'Cinta Tiflon 1/2 X 12', '2.00', -17, 1, '9MsRmz4pMHCFNan4.jpg', '2020-07-14 08:14:25', '2020-07-14 08:14:25'),
(100, 13, '123239', 'Cinta Tiflon 1/2 X 520', '8.00', 55, 1, 'tS6JctkRbNMl3Sv3.jpg', '2020-07-14 08:17:04', '2020-07-21 15:32:39'),
(101, 13, '1090928', 'T de 2', '3.00', 57, 1, '4mL6Mombi8mDAvqx.jpg', '2020-07-14 08:23:08', '2020-07-21 15:32:04'),
(102, 13, '199092', 'T de 4', '6.00', 84, 1, 'GWJY20bBF8gV2tJR.jpg', '2020-07-14 08:23:53', '2020-07-21 15:31:24'),
(103, 13, '290983', 'Codo de 2', '2.00', 40, 1, 'kgzyN4wuO4aNyGLk.jpg', '2020-07-14 08:24:47', '2020-07-14 12:40:47'),
(104, 13, '209909', 'Codo de 3', '3.00', 165, 1, 'fH1x0rM11nKZx3nG.jpg', '2020-07-14 08:25:22', '2020-07-14 12:40:31'),
(105, 13, '389892', 'Codo de 4', '4.00', 76, 1, 'XWCv4Q8KSgBL1cBl.jpg', '2020-07-14 08:25:55', '2020-07-14 12:40:56'),
(106, 16, '1666', 'Terocal', '4.00', 261, 1, '3mgz9GKZn7BlYB0z.jpg', '2020-07-29 11:29:00', '2020-07-29 11:29:00');

-- --------------------------------------------------------

--
-- Table structure for table `proveedores`
--

CREATE TABLE `proveedores` (
  `id` int(10) UNSIGNED NOT NULL,
  `nombre` varchar(100) COLLATE utf8mb4_unicode_ci NOT NULL,
  `tipo_documento` varchar(20) COLLATE utf8mb4_unicode_ci DEFAULT NULL,
  `num_documento` varchar(20) COLLATE utf8mb4_unicode_ci DEFAULT NULL,
  `direccion` varchar(70) COLLATE utf8mb4_unicode_ci DEFAULT NULL,
  `telefono` varchar(20) COLLATE utf8mb4_unicode_ci DEFAULT NULL,
  `email` varchar(50) COLLATE utf8mb4_unicode_ci DEFAULT NULL,
  `created_at` timestamp NULL DEFAULT NULL,
  `updated_at` timestamp NULL DEFAULT NULL
) ENGINE=InnoDB DEFAULT CHARSET=utf8mb4 COLLATE=utf8mb4_unicode_ci;

--
-- Dumping data for table `proveedores`
--

INSERT INTO `proveedores` (`id`, `nombre`, `tipo_documento`, `num_documento`, `direccion`, `telefono`, `email`, `created_at`, `updated_at`) VALUES
(1, 'carlos', 'CEDULA', '1234566', 'av california', '123456', 'carlos@gmail.com', NULL, NULL),
(2, 'luis1', 'CEDULA', '123456', 'av new york este', '123456', 'luis@gmail.com', '2018-12-20 01:15:01', '2018-12-20 01:15:20'),
(3, 'Carlos Sanchéz', 'DNI', '74673627', 'Av. Benigno Ballon N° 278', '976876538', 'carlos@gmail.com', '2020-07-08 19:46:16', '2020-07-08 19:46:16'),
(4, 'Edith López', 'DNI', '45620981', 'Jr. Callao N° 209', '912469278', 'edith@gmail.com', '2020-07-08 19:48:42', '2020-07-08 19:57:15'),
(6, 'Harry Coaquira', 'DNI', '928737746', 'Jr. Cabanillas N° 400', '967785473', 'harry@gmail.com', '2020-07-08 19:50:21', '2020-07-08 19:50:21'),
(8, 'Julia Saavedra', 'DNI', '78657890', 'Jr. Gonzales Prada N° 255', '978998943', 'julia@gmail.com', '2020-07-08 19:54:25', '2020-07-08 19:56:55'),
(9, 'Junior Diamonte', 'DNI', '08975434', 'Jr. Elías Aguirre N° 889', '922676729', 'junior@gmail.com', '2020-07-08 19:56:06', '2020-07-08 19:56:45'),
(10, 'Maria', 'DNI', '9512586347', '15 De Noviembre', '978635214', NULL, '2020-07-11 15:54:03', '2020-07-11 15:54:03'),
(11, 'Raúl Mora', 'DNI', '09988398', 'Jr. El valle N° 898', '989927429', 'raul@gmail.com', '2020-07-11 20:13:38', '2020-07-11 20:13:38'),
(12, 'Renzo Chile', 'DNI', '89890293', 'JR. La Roca N° 290', '998902989', 'renzo@gmail.com', '2020-07-13 20:22:58', '2020-07-13 20:22:58'),
(13, 'Roman Chavéz', 'DNI', '90090211', 'Jr. Marquez N° 129', '900900289', 'roman@gmail.com', '2020-07-14 07:37:46', '2020-07-14 07:37:46'),
(14, 'Lurdes Comas', 'DNI', '190090928', 'Jr. Luz N° 190', '990982989', 'lurdes@gmail.com', '2020-07-14 07:54:42', '2020-07-14 07:54:42');

-- --------------------------------------------------------

--
-- Table structure for table `roles`
--

CREATE TABLE `roles` (
  `id` int(10) UNSIGNED NOT NULL,
  `nombre` varchar(30) COLLATE utf8mb4_unicode_ci NOT NULL,
  `descripcion` varchar(100) COLLATE utf8mb4_unicode_ci DEFAULT NULL,
  `condicion` tinyint(1) NOT NULL DEFAULT 1
) ENGINE=InnoDB DEFAULT CHARSET=utf8mb4 COLLATE=utf8mb4_unicode_ci;

--
-- Dumping data for table `roles`
--

INSERT INTO `roles` (`id`, `nombre`, `descripcion`, `condicion`) VALUES
(1, 'Administrador', 'Administrador', 1),
(2, 'Vendedor', 'Vendedor', 1),
(3, 'Comprador', 'Comprador', 1);

-- --------------------------------------------------------

--
-- Table structure for table `users`
--

CREATE TABLE `users` (
  `id` int(10) UNSIGNED NOT NULL,
  `nombre` varchar(100) COLLATE utf8mb4_unicode_ci NOT NULL,
  `tipo_documento` varchar(20) COLLATE utf8mb4_unicode_ci DEFAULT NULL,
  `num_documento` varchar(20) COLLATE utf8mb4_unicode_ci DEFAULT NULL,
  `direccion` varchar(70) COLLATE utf8mb4_unicode_ci DEFAULT NULL,
  `telefono` varchar(20) COLLATE utf8mb4_unicode_ci DEFAULT NULL,
  `email` varchar(50) COLLATE utf8mb4_unicode_ci DEFAULT NULL,
  `usuario` varchar(191) COLLATE utf8mb4_unicode_ci NOT NULL,
  `password` varchar(191) COLLATE utf8mb4_unicode_ci NOT NULL,
  `condicion` tinyint(1) NOT NULL DEFAULT 1,
  `idrol` int(10) UNSIGNED NOT NULL,
  `imagen` varchar(191) COLLATE utf8mb4_unicode_ci NOT NULL,
  `remember_token` varchar(100) COLLATE utf8mb4_unicode_ci DEFAULT NULL,
  `created_at` timestamp NULL DEFAULT NULL,
  `updated_at` timestamp NULL DEFAULT NULL
) ENGINE=InnoDB DEFAULT CHARSET=utf8mb4 COLLATE=utf8mb4_unicode_ci;

--
-- Dumping data for table `users`
--

INSERT INTO `users` (`id`, `nombre`, `tipo_documento`, `num_documento`, `direccion`, `telefono`, `email`, `usuario`, `password`, `condicion`, `idrol`, `imagen`, `remember_token`, `created_at`, `updated_at`) VALUES
(1, 'Eyter', 'CEDULA', '123456', 'av carlota', '123456', 'eyter@gmail.com', 'ucevito', '$2y$10$AyTKIvojd2UY3ImJUCLJzeCFyyYkJOKak4aa5pqC2UkkUgrrnJRGS', 1, 1, '81i3YZK784X4pHNp.jpg', 'j9BaqzTHfIqVXbqTMMv2sCb2e7eiaPIM18yISAn7YkznqleJlVKlETgeoVrO', NULL, '2020-07-08 18:12:10'),
(2, 'Alberto', 'CEDULA', '123456', 'av san jose', '12345', 'alberto@gmail.com', 'alberto', '$2y$10$VaXGkFMLgOvlJuoUk5MwZe1HgG/I2IIyniQX5WDl5FPNHkdzSm3vG', 1, 3, 'b6FKnCUej9khErJi.jpg', 'xzH8uzJrmG8FTPesBKCK8K724X8SEc47TKJga3zjZN270dmDoSpm2otIKKKQ', '2018-12-21 20:39:42', '2019-01-17 20:53:20'),
(3, 'Carlos', 'CEDULA', '12366', 'avenida', '5666', 'carlos@gmail.com', 'carlos', '$2y$10$X.O49b0Nw0Zy675ztoTTDuY2R1jwBhOYOBww1LC4jG9Ek9k/bVo3O', 1, 2, '4RdCWKmNooL9hmHc.jpg', 'vRhxzXdIWJ9B7ZYSiOIcVDKNSt1jrcD3xAkwNONxEI3fSuyAxgmoaKSUS6dj', '2018-12-28 01:12:37', '2019-01-17 20:53:03'),
(4, 'Ever', 'DNI', '5r5667897', 'JR Loreto', '99987876', 'ever@gmail.com', 'ever', '$2y$10$87ELxgeYXItarISD6I62K.yj7i6qwlbMJzJWgittT2m8shAixgY1C', 1, 2, 'lPspoCHHw6Fe9O4D.jpg', 'kSfAx124OnCqhic2Vt4np03LR9jtUNZdvytQJxrsq0GJiEYuoEgjAqLBnDrx', '2020-07-09 16:32:54', '2020-07-09 16:32:54'),
(5, 'MIchael', 'DNI', '55467876', 'Jr. FLores', '998645789', 'michael@gmail.com', 'michael', '$2y$10$4v11iY2wYnl4JYTO6b.Sc.Od5lqr6RNWQUgn9SvMmn4Hz7h8AVP5G', 1, 2, '769MP1YDT86LZpVk.jpg', 'rBXjTlj8N6mxnOICbDLgdIID0aDTIcpoh7XQDnmdgVdqklygebFyAehdP31l', '2020-07-09 16:34:43', '2020-07-09 16:34:43'),
(6, 'Jose', 'DNI', '65678997', 'Jr. Curacao', '787889643', 'jose@gmail.com', 'jose', '$2y$10$y45ER5jxW0ysy0Q5nin62uhmAEoZ/168qn4Clxqicdoy5zkyplie2', 1, 2, 'ejTzIYZTy93gaDc9.jpg', 'H0g7ZD2XFA5hnBeEcj1oUCsJoXrDkETEogAcD7RSz2AHkZbIK9ThavfrVH4o', '2020-07-09 16:36:16', '2020-07-09 16:36:16'),
(8, 'Luis', 'DNI', '09898765', 'JR. La torre', '898998765', 'luis@gmail.com', 'luis', '$2y$10$SguOOHIaLtinFtdqaNCXJO4bcP1bSuKG2.bR7wl5ch74IOsndyWFC', 1, 1, 'KSYcrTBYQdqzXKnV.jpg', 'mich2pZOocda6FfmHXZ5I5T4r4JYPp3pQZkuUWKjXuT9LIEGcpgbu7JoRWcC', '2020-07-09 16:52:29', '2020-07-09 16:52:29'),
(9, 'Camila', 'DNI', '12344543', 'AV. Toledo N° 222', '999876545', 'camila@gmail.com', 'camila', '$2y$10$THQzaiWEGIDubPrJOztg3uhLvVOYQ6rau6xW8IZWVDLtgKtWzVb9O', 1, 1, 'aVs9i7gHitU90VVf.jpg', 'WwIPIuQWuwBgckzVLtm7cnbyS5hHlZHXb9lvvxvCSVT1FDpCcrYzbfOqraAP', '2020-07-29 17:55:18', '2020-07-29 17:55:18');

-- --------------------------------------------------------

--
-- Table structure for table `ventas`
--

CREATE TABLE `ventas` (
  `id` int(10) UNSIGNED NOT NULL,
  `idcliente` int(10) UNSIGNED NOT NULL,
  `idusuario` int(10) UNSIGNED NOT NULL,
  `tipo_identificacion` varchar(20) COLLATE utf8mb4_unicode_ci NOT NULL,
  `num_venta` varchar(10) COLLATE utf8mb4_unicode_ci NOT NULL,
  `fecha_venta` datetime NOT NULL,
  `impuesto` decimal(4,2) NOT NULL,
  `total` decimal(11,2) NOT NULL,
  `estado` varchar(20) COLLATE utf8mb4_unicode_ci NOT NULL,
  `created_at` timestamp NULL DEFAULT NULL,
  `updated_at` timestamp NULL DEFAULT NULL
) ENGINE=InnoDB DEFAULT CHARSET=utf8mb4 COLLATE=utf8mb4_unicode_ci;

--
-- Dumping data for table `ventas`
--

INSERT INTO `ventas` (`id`, `idcliente`, `idusuario`, `tipo_identificacion`, `num_venta`, `fecha_venta`, `impuesto`, `total`, `estado`, `created_at`, `updated_at`) VALUES
(3, 1, 1, 'FACTURA', '002', '2018-07-02 11:04:00', '0.20', '100.00', 'Anulado', '2018-07-02 09:04:00', '2018-07-02 09:04:00'),
(4, 3, 1, 'TICKET', '003', '2018-11-19 16:31:23', '0.20', '19.50', 'Registrado', '2018-11-19 15:31:23', '2018-11-19 15:31:23'),
(5, 6, 1, 'TICKET', '004', '2018-07-03 13:40:20', '0.20', '33.00', 'Registrado', '2018-07-03 11:40:20', '2018-07-03 11:40:20'),
(6, 6, 1, 'TICKET', '005', '2018-07-04 13:10:21', '0.20', '28.80', 'Registrado', '2018-07-04 11:10:21', '2018-07-04 11:10:21'),
(7, 4, 1, 'TICKET', '006', '2018-11-20 11:27:53', '0.20', '41.00', 'Registrado', '2018-11-20 10:27:53', '2018-11-20 10:27:53'),
(8, 3, 1, 'TICKET', '008', '2018-07-09 10:35:47', '0.20', '28.00', 'Registrado', '2018-07-09 08:35:47', '2018-07-09 08:35:47'),
(9, 3, 1, 'TICKET', '007', '2018-07-05 13:26:25', '0.20', '79.00', 'Registrado', '2018-07-05 11:26:25', '2018-07-05 11:26:25'),
(10, 7, 8, 'TICKET', '008', '2018-07-06 11:21:02', '0.20', '20.00', 'Registrado', '2018-07-06 09:21:02', '2018-07-06 09:21:02'),
(11, 9, 8, 'TICKET', '009', '2018-07-10 14:56:04', '0.20', '16.00', 'Registrado', '2018-07-10 12:56:04', '2018-07-10 12:56:04'),
(12, 9, 8, 'TICKET', '009', '2018-07-11 09:28:31', '0.20', '16.00', 'Registrado', '2018-07-11 07:28:31', '2018-07-11 07:28:31'),
(13, 4, 8, 'FACTURA', '010', '2018-11-21 16:40:30', '0.20', '16.00', 'Registrado', '2018-11-21 15:40:30', '2018-11-21 15:40:30'),
(14, 13, 5, 'TICKET', '010', '2018-07-12 11:12:08', '0.20', '56.00', 'Registrado', '2018-07-12 09:12:08', '2018-07-12 09:12:08'),
(15, 7, 4, 'FACTURA', '011', '2018-07-13 12:34:27', '0.20', '30.00', 'Registrado', '2018-07-13 10:34:27', '2018-07-13 10:34:27'),
(16, 12, 4, 'FACTURA', '012', '2018-07-16 18:09:37', '0.20', '61.00', 'Registrado', '2018-07-16 16:09:37', '2018-07-16 16:09:37'),
(17, 15, 4, 'FACTURA', '013', '2018-07-17 11:40:30', '0.20', '51.00', 'Registrado', '2018-07-17 09:40:30', '2018-07-17 09:40:30'),
(18, 16, 4, 'FACTURA', '014', '2018-07-18 15:37:05', '0.20', '36.00', 'Registrado', '2018-07-18 13:37:05', '2018-07-18 13:37:05'),
(19, 10, 4, 'FACTURA', '015', '2018-07-20 09:13:29', '0.20', '21.00', 'Registrado', '2018-07-20 07:13:29', '2018-07-20 07:13:29'),
(20, 20, 6, 'FACTURA', '015', '2018-07-19 17:04:04', '0.20', '28.00', 'Registrado', '2018-07-19 15:04:04', '2018-07-19 15:04:04'),
(21, 7, 6, 'FACTURA', '016', '2018-07-23 14:17:23', '0.20', '65.00', 'Registrado', '2018-07-23 12:17:23', '2018-07-23 12:17:23'),
(22, 21, 6, 'FACTURA', '017', '2018-07-24 12:03:12', '0.20', '70.00', 'Registrado', '2018-07-24 10:03:12', '2018-07-24 10:03:12'),
(23, 27, 1, 'FACTURA', '018', '2018-07-25 13:04:12', '0.20', '20.00', 'Registrado', '2018-07-25 11:04:12', '2018-07-25 11:04:12'),
(24, 28, 1, 'FACTURA', '019', '2018-07-26 16:07:33', '0.20', '15.00', 'Registrado', '2018-07-26 14:07:33', '2018-07-26 14:07:33'),
(25, 29, 1, 'FACTURA', '020', '2018-11-22 18:23:22', '0.20', '93.00', 'Registrado', '2018-11-22 17:23:22', '2018-11-22 17:23:22'),
(26, 30, 1, 'FACTURA', '021', '2018-07-27 11:41:12', '0.20', '10.00', 'Registrado', '2018-07-27 09:41:12', '2018-07-27 09:41:12'),
(27, 31, 1, 'FACTURA', '022', '2018-07-31 18:04:23', '0.20', '60.00', 'Registrado', '2018-07-31 16:04:23', '2018-07-31 16:04:23'),
(28, 32, 1, 'FACTURA', '023', '2018-08-01 16:40:10', '0.20', '3.50', 'Registrado', '2018-08-01 14:40:10', '2018-08-01 14:40:10'),
(29, 33, 1, 'FACTURA', '024', '2018-08-02 11:36:29', '0.20', '4.50', 'Registrado', '2018-08-02 09:36:29', '2018-08-02 09:36:29'),
(30, 34, 1, 'FACTURA', '025', '2018-08-03 09:35:13', '0.20', '6.00', 'Registrado', '2018-08-03 07:35:13', '2018-08-03 07:35:13'),
(31, 27, 1, 'FACTURA', '026', '2018-08-06 18:13:48', '0.20', '12.00', 'Registrado', '2018-08-06 16:13:48', '2018-08-06 16:13:48'),
(32, 38, 1, 'FACTURA', '027', '2018-08-07 13:50:12', '0.20', '15.00', 'Registrado', '2018-08-07 11:50:12', '2018-08-07 11:50:12'),
(33, 34, 1, 'FACTURA', '028', '2018-08-08 19:49:19', '0.20', '60.00', 'Registrado', '2018-08-08 17:49:19', '2018-08-08 17:49:19'),
(34, 8, 1, 'TICKET', '03111', '2018-08-21 14:44:45', '0.18', '20.00', 'Registrado', '2018-08-21 12:44:45', '2018-08-21 12:44:45'),
(133, 15, 8, 'TICKET', '029', '2018-08-14 08:20:38', '0.20', '154.00', 'Registrado', '2018-08-14 06:20:38', '2018-08-14 06:20:38'),
(134, 15, 8, 'TICKET', '029', '2018-08-13 13:45:29', '0.20', '154.00', 'Anulado', '2018-08-13 11:45:29', '2018-08-13 11:45:29'),
(135, 15, 8, 'TICKET', '029', '2018-08-10 10:51:08', '0.20', '154.00', 'Registrado', '2018-08-10 08:51:08', '2018-08-10 08:51:08'),
(136, 15, 8, 'TICKET', '029', '2018-08-09 12:10:34', '0.20', '154.00', 'Registrado', '2018-08-09 10:10:34', '2018-08-09 10:10:34'),
(137, 9, 1, 'TICKET', '030', '2018-08-15 12:59:25', '0.18', '83.00', 'Registrado', '2018-08-15 10:59:25', '2018-08-15 10:59:25'),
(138, 17, 9, 'TICKET', '031', '2018-08-16 16:10:31', '0.18', '76.00', 'Registrado', '2018-08-16 14:10:31', '2018-08-16 14:10:31'),
(139, 13, 9, 'TICKET', '031', '2018-08-20 08:11:39', '0.18', '96.50', 'Registrado', '2018-08-20 06:11:39', '2018-08-20 06:11:39'),
(140, 2, 9, 'TICKET', '033', '2018-08-22 15:58:50', '0.18', '63.50', 'Registrado', '2018-08-22 13:58:50', '2018-08-22 13:58:50'),
(141, 28, 8, 'TICKET', '101', '2018-12-03 18:02:50', '0.20', '104.00', 'Registrado', '2018-12-03 17:02:50', '2018-12-03 17:02:50'),
(142, 20, 9, 'TICKET', '034', '2018-11-23 09:04:17', '0.20', '58.00', 'Registrado', '2018-11-23 08:04:17', '2018-11-23 08:04:17'),
(143, 16, 9, 'TICKET', '035', '2018-08-23 14:02:13', '0.20', '93.50', 'Registrado', '2018-08-23 12:02:13', '2018-08-23 12:02:13'),
(144, 32, 8, 'FACTURA', '102', '2018-12-04 15:27:19', '0.20', '73.00', 'Registrado', '2018-12-04 14:27:19', '2018-12-04 14:27:19'),
(145, 28, 9, 'FACTURA', '036', '2018-08-24 08:52:05', '0.20', '79.40', 'Registrado', '2018-08-24 06:52:05', '2018-08-24 06:52:05'),
(146, 21, 9, 'TICKET', '037', '2018-08-27 10:14:48', '0.20', '70.50', 'Registrado', '2018-08-27 08:14:48', '2018-08-27 08:14:48'),
(147, 31, 8, 'TICKET', '103', '2018-12-07 08:23:25', '0.20', '115.00', 'Registrado', '2018-12-07 07:23:25', '2018-12-07 07:23:25'),
(148, 33, 9, 'TICKET', '038', '2018-08-28 11:00:19', '0.20', '71.00', 'Registrado', '2018-08-28 09:00:19', '2018-08-28 09:00:19'),
(149, 17, 9, 'TICKET', '039', '2018-08-29 14:27:19', '0.20', '70.00', 'Registrado', '2018-08-29 12:27:19', '2018-08-29 12:27:19'),
(150, 17, 8, 'FACTURA', '104', '2018-12-10 09:11:33', '0.20', '102.00', 'Registrado', '2018-12-10 08:11:33', '2018-12-10 08:11:33'),
(151, 38, 9, 'TICKET', '040', '2018-08-30 14:34:36', '0.20', '62.00', 'Registrado', '2018-08-30 12:34:36', '2018-08-30 12:34:36'),
(152, 34, 9, 'TICKET', '041', '2018-08-31 09:21:37', '0.20', '71.60', 'Registrado', '2018-08-31 07:21:37', '2018-08-31 07:21:37'),
(153, 6, 9, 'TICKET', '042', '2018-09-03 16:35:01', '0.20', '71.00', 'Registrado', '2018-09-03 14:35:01', '2018-09-03 14:35:01'),
(154, 32, 9, 'TICKET', '043', '2018-09-04 13:51:54', '0.20', '60.50', 'Registrado', '2018-09-04 11:51:54', '2018-09-04 11:51:54'),
(155, 39, 9, 'TICKET', '044', '2018-09-05 15:25:55', '0.20', '63.20', 'Registrado', '2018-09-05 13:25:55', '2018-09-05 13:25:55'),
(156, 15, 9, 'TICKET', '045', '2018-09-06 08:34:27', '0.20', '68.90', 'Registrado', '2018-09-06 06:34:27', '2018-09-06 06:34:27'),
(157, 11, 9, 'TICKET', '046', '2018-09-07 11:25:58', '0.20', '61.30', 'Registrado', '2018-09-07 09:25:58', '2018-09-07 09:25:58'),
(158, 15, 9, 'TICKET', '047', '2018-09-10 09:40:46', '0.20', '64.50', 'Registrado', '2018-09-10 07:40:46', '2018-09-10 07:40:46'),
(159, 16, 9, 'TICKET', '048', '2018-09-11 15:33:07', '0.20', '60.50', 'Registrado', '2018-09-11 13:33:07', '2018-09-11 13:33:07'),
(160, 20, 9, 'TICKET', '049', '2018-09-12 15:17:50', '0.20', '74.20', 'Registrado', '2018-09-12 13:17:50', '2018-09-12 13:17:50'),
(161, 2, 9, 'TICKET', '050', '2018-09-13 12:05:50', '0.20', '79.90', 'Registrado', '2018-09-13 10:05:50', '2018-09-13 10:05:50'),
(162, 5, 6, 'FACTURA', '105', '2018-12-11 09:21:21', '0.20', '31.00', 'Registrado', '2018-12-11 08:21:21', '2018-12-11 08:21:21'),
(163, 16, 9, 'TICKET', '051', '2018-09-14 10:01:39', '0.20', '72.50', 'Registrado', '2018-09-14 08:01:39', '2018-09-14 08:01:39'),
(164, 20, 6, 'TICKET', '106', '2018-12-12 13:05:54', '0.20', '132.00', 'Registrado', '2018-12-12 12:05:54', '2018-12-12 12:05:54'),
(165, 30, 6, 'TICKET', '107', '2018-12-13 12:40:51', '0.20', '83.00', 'Registrado', '2018-12-13 11:40:51', '2018-12-13 11:40:51'),
(166, 6, 9, 'TICKET', '052', '2018-09-17 14:39:48', '0.20', '60.70', 'Registrado', '2018-09-17 12:39:48', '2018-09-17 12:39:48'),
(167, 3, 6, 'TICKET', '108', '2018-12-14 10:26:53', '0.20', '90.00', 'Registrado', '2018-12-14 09:26:53', '2018-12-14 09:26:53'),
(168, 31, 9, 'TICKET', '053', '2018-09-18 13:10:41', '0.20', '84.10', 'Registrado', '2018-09-18 11:10:41', '2018-09-18 11:10:41'),
(169, 33, 6, 'FACTURA', '109', '2018-12-17 11:20:45', '0.20', '55.00', 'Registrado', '2018-12-17 10:20:45', '2018-12-17 10:20:45'),
(170, 32, 9, 'TICKET', '054', '2018-09-19 08:20:15', '0.20', '83.80', 'Registrado', '2018-09-19 06:20:15', '2018-09-19 06:20:15'),
(171, 5, 6, 'FACTURA', '110', '2018-12-18 09:48:04', '0.20', '38.00', 'Registrado', '2018-12-18 08:48:04', '2018-12-18 08:48:04'),
(172, 38, 6, 'TICKET', '111', '2018-12-19 14:50:08', '0.20', '90.00', 'Registrado', '2018-12-19 13:50:08', '2018-12-19 13:50:08'),
(173, 32, 9, 'TICKET', '055', '2018-09-20 09:41:45', '0.20', '72.90', 'Registrado', '2018-09-20 07:41:45', '2018-09-20 07:41:45'),
(174, 32, 9, 'TICKET', '056', '2018-09-21 10:01:39', '0.20', '61.90', 'Registrado', '2018-09-21 08:01:39', '2018-09-21 08:01:39'),
(175, 19, 6, 'FACTURA', '112', '2018-12-20 16:27:08', '0.20', '75.00', 'Registrado', '2018-12-20 15:27:08', '2018-12-20 15:27:08'),
(176, 1, 9, 'TICKET', '057', '2018-09-25 18:44:22', '0.20', '63.00', 'Registrado', '2018-09-25 16:44:22', '2018-09-25 16:44:22'),
(177, 37, 6, 'FACTURA', '113', '2018-12-21 11:05:01', '0.20', '42.00', 'Registrado', '2018-12-21 10:05:01', '2018-12-21 10:05:01'),
(178, 20, 6, 'FACTURA', '114', '2018-12-24 15:54:37', '0.20', '47.00', 'Registrado', '2018-12-24 14:54:37', '2018-12-24 14:54:37'),
(179, 18, 6, 'FACTURA', '115', '2018-12-25 14:38:45', '0.20', '90.00', 'Registrado', '2018-12-25 13:38:45', '2018-12-25 13:38:45'),
(180, 32, 9, 'TICKET', '058', '2018-09-26 16:21:09', '0.20', '73.60', 'Registrado', '2018-09-26 14:21:09', '2018-09-26 14:21:09'),
(188, 38, 9, 'TICKET', '59', '2019-02-14 09:36:17', '0.20', '66.80', 'Registrado', '2019-02-14 08:36:17', '2019-02-14 08:36:17'),
(189, 6, 6, 'TICKET', '116', '2018-12-26 15:23:37', '0.20', '60.00', 'Registrado', '2018-12-26 14:23:37', '2018-12-26 14:23:37'),
(190, 2, 6, 'FACTURA', '117', '2018-12-27 13:39:17', '0.20', '49.00', 'Registrado', '2018-12-27 12:39:17', '2018-12-27 12:39:17'),
(191, 27, 6, 'FACTURA', '117', '2018-12-28 07:25:06', '0.20', '23.50', 'Anulado', '2018-12-28 06:25:06', '2018-12-28 06:25:06'),
(192, 38, 9, 'TICKET', '060', '2018-09-27 08:07:34', '0.20', '63.50', 'Registrado', '2018-09-27 06:07:34', '2018-09-27 06:07:34'),
(193, 2, 6, 'FACTURA', '118', '2019-01-01 16:20:06', '0.20', '23.50', 'Registrado', '2019-01-01 15:20:06', '2019-01-01 15:20:06'),
(194, 9, 6, 'FACTURA', '119', '2019-01-02 17:21:02', '0.20', '224.00', 'Registrado', '2019-01-02 16:21:02', '2019-01-02 16:21:02'),
(195, 18, 6, 'FACTURA', '120', '2019-01-03 13:23:29', '0.20', '36.50', 'Registrado', '2019-01-03 12:23:29', '2019-01-03 12:23:29'),
(196, 38, 9, 'TICKET', '061', '2018-09-28 09:30:03', '0.20', '62.00', 'Registrado', '2018-09-28 07:30:03', '2018-09-28 07:30:03'),
(197, 22, 6, 'TICKET', '121', '2019-01-04 10:45:23', '0.20', '62.00', 'Registrado', '2019-01-04 09:45:23', '2019-01-04 09:45:23'),
(198, 6, 9, 'TICKET', '062', '2018-10-01 14:32:43', '0.20', '61.50', 'Registrado', '2018-10-01 12:32:43', '2018-10-01 12:32:43'),
(199, 1, 9, 'TICKET', '063', '2018-10-02 11:43:27', '0.20', '61.50', 'Registrado', '2018-10-02 09:43:27', '2018-10-02 09:43:27'),
(200, 28, 6, 'TICKET', '122', '2019-01-07 13:47:41', '0.20', '50.00', 'Registrado', '2019-01-07 12:47:41', '2019-01-07 12:47:41'),
(201, 38, 9, 'TICKET', '064', '2018-10-03 08:02:23', '0.20', '60.90', 'Registrado', '2018-10-03 06:02:23', '2018-10-03 06:02:23'),
(202, 2, 9, 'TICKET', '065', '2018-10-04 14:07:50', '0.20', '58.60', 'Registrado', '2018-10-04 12:07:50', '2018-10-04 12:07:50'),
(203, 39, 6, 'FACTURA', '123', '2019-01-08 13:20:39', '0.20', '82.50', 'Registrado', '2019-01-08 12:20:39', '2019-01-08 12:20:39'),
(204, 2, 6, 'FACTURA', '124', '2019-01-09 15:30:58', '0.20', '73.00', 'Registrado', '2019-01-09 14:30:58', '2019-01-09 14:30:58'),
(205, 21, 9, 'TICKET', '066', '2018-10-08 19:49:08', '0.20', '66.20', 'Registrado', '2018-10-08 17:49:08', '2018-10-08 17:49:08'),
(206, 37, 6, 'FACTURA', '125', '2019-01-10 16:06:44', '0.20', '48.00', 'Registrado', '2019-01-10 15:06:44', '2019-01-10 15:06:44'),
(207, 39, 9, 'TICKET', '067', '2018-10-09 16:46:42', '0.20', '73.00', 'Registrado', '2018-10-09 14:46:42', '2018-10-09 14:46:42'),
(208, 21, 9, 'TICKET', '068', '2018-10-10 11:36:56', '0.20', '66.60', 'Registrado', '2018-10-10 09:36:56', '2018-10-10 09:36:56'),
(209, 1, 9, 'TICKET', '069', '2018-10-11 18:03:08', '0.20', '71.90', 'Registrado', '2018-10-11 16:03:08', '2018-10-11 16:03:08'),
(210, 1, 9, 'TICKET', '070', '2018-10-12 10:41:45', '0.20', '73.70', 'Registrado', '2018-10-12 08:41:45', '2018-10-12 08:41:45'),
(211, 1, 9, 'TICKET', '071', '2018-10-15 11:03:27', '0.20', '63.60', 'Registrado', '2018-10-15 09:03:27', '2018-10-15 09:03:27'),
(212, 32, 9, 'TICKET', '072', '2018-10-16 19:20:37', '0.20', '69.10', 'Registrado', '2018-10-16 17:20:37', '2018-10-16 17:20:37'),
(213, 11, 9, 'TICKET', '073', '2018-10-17 10:46:48', '0.20', '65.80', 'Registrado', '2018-10-17 08:46:48', '2018-10-17 08:46:48'),
(214, 11, 9, 'TICKET', '074', '2018-10-18 15:19:46', '0.20', '76.00', 'Registrado', '2018-10-18 13:19:46', '2018-10-18 13:19:46'),
(215, 19, 6, 'FACTURA', '126', '2019-01-11 10:56:15', '0.20', '61.00', 'Registrado', '2019-01-11 09:56:15', '2019-01-11 09:56:15'),
(216, 8, 9, 'TICKET', '075', '2018-10-19 10:58:40', '0.20', '84.00', 'Registrado', '2018-10-19 08:58:40', '2018-10-19 08:58:40'),
(217, 19, 6, 'FACTURA', '127', '2019-01-14 09:46:49', '0.20', '81.00', 'Registrado', '2019-01-14 08:46:49', '2019-01-14 08:46:49'),
(218, 27, 6, 'FACTURA', '128', '2019-01-15 16:31:46', '0.20', '58.00', 'Registrado', '2019-01-15 15:31:46', '2019-01-15 15:31:46'),
(219, 8, 9, 'TICKET', '076', '2018-10-22 08:55:41', '0.20', '89.00', 'Registrado', '2018-10-22 06:55:41', '2018-10-22 06:55:41'),
(220, 19, 6, 'FACTURA', '129', '2019-01-17 15:10:32', '0.20', '90.00', 'Registrado', '2019-01-17 14:10:32', '2019-01-17 14:10:32'),
(221, 38, 9, 'TICKET', '077', '2018-10-23 17:36:16', '0.20', '70.00', 'Registrado', '2018-10-23 15:36:16', '2018-10-23 15:36:16'),
(222, 32, 9, 'TICKET', '078', '2018-10-24 16:48:15', '0.20', '87.50', 'Registrado', '2018-10-24 14:48:15', '2018-10-24 14:48:15'),
(223, 32, 9, 'TICKET', '079', '2018-10-25 17:23:11', '0.20', '64.00', 'Registrado', '2018-10-25 15:23:11', '2018-10-25 15:23:11'),
(224, 20, 6, 'FACTURA', '129', '2019-01-16 15:38:07', '0.20', '90.00', 'Registrado', '2019-01-16 14:38:07', '2019-01-16 14:38:07'),
(225, 6, 9, 'TICKET', '080', '2018-10-26 11:21:00', '0.20', '90.00', 'Registrado', '2018-10-26 09:21:00', '2018-10-26 09:21:00'),
(226, 3, 6, 'FACTURA', '130', '2019-01-18 11:54:23', '0.20', '63.80', 'Registrado', '2019-01-18 10:54:23', '2019-01-18 10:54:23'),
(227, 28, 6, 'FACTURA', '131', '2019-01-21 09:47:36', '0.20', '51.00', 'Registrado', '2019-01-21 08:47:36', '2019-01-21 08:47:36'),
(228, 30, 6, 'FACTURA', '132', '2019-01-22 08:31:38', '0.20', '28.00', 'Registrado', '2019-01-22 07:31:38', '2019-01-22 07:31:38'),
(229, 29, 9, 'TICKET', '081', '2018-10-29 13:17:13', '0.20', '72.00', 'Registrado', '2018-10-29 12:17:13', '2018-10-29 12:17:13'),
(230, 28, 6, 'FACTURA', '133', '2019-01-23 09:56:29', '0.20', '105.00', 'Registrado', '2019-01-23 08:56:29', '2019-01-23 08:56:29'),
(231, 19, 6, 'FACTURA', '134', '2019-01-24 14:56:46', '0.20', '68.00', 'Registrado', '2019-01-24 13:56:46', '2019-01-24 13:56:46'),
(232, 32, 9, 'TICKET', '082', '2018-10-31 18:42:47', '0.20', '76.50', 'Registrado', '2018-10-31 17:42:47', '2018-10-31 17:42:47'),
(233, 3, 6, 'FACTURA', '135', '2019-01-25 11:00:31', '0.20', '11.50', 'Registrado', '2019-01-25 10:00:31', '2019-01-25 10:00:31'),
(234, 20, 9, 'TICKET', '083', '2018-11-01 19:59:41', '0.20', '68.50', 'Registrado', '2018-11-01 18:59:41', '2018-11-01 18:59:41'),
(235, 18, 6, 'FACTURA', '136', '2019-01-29 08:33:51', '0.20', '36.00', 'Registrado', '2019-01-29 07:33:51', '2019-01-29 07:33:51'),
(236, 6, 9, 'TICKET', '084', '2018-11-02 10:00:01', '0.20', '61.60', 'Registrado', '2018-11-02 09:00:01', '2018-11-02 09:00:01'),
(237, 39, 9, 'TICKET', '085', '2018-11-05 08:26:58', '0.20', '86.00', 'Registrado', '2018-11-05 07:26:58', '2018-11-05 07:26:58'),
(238, 5, 6, 'FACTURA', '137', '2019-01-30 19:21:15', '0.20', '33.00', 'Registrado', '2019-01-30 18:21:15', '2019-01-30 18:21:15'),
(239, 17, 6, 'FACTURA', '138', '2019-01-31 12:44:56', '0.20', '47.00', 'Anulado', '2019-01-31 11:44:56', '2019-01-31 11:44:56'),
(240, 37, 6, 'FACTURA', '138', '2019-02-01 09:54:11', '0.20', '16.50', 'Anulado', '2019-02-01 08:54:11', '2019-02-01 08:54:11'),
(241, 33, 6, 'FACTURA', '139', '2019-02-04 13:00:07', '0.20', '28.50', 'Registrado', '2019-02-04 12:00:07', '2019-02-04 12:00:07'),
(242, 39, 9, 'TICKET', '086', '2018-11-06 14:01:34', '0.20', '63.50', 'Registrado', '2018-11-06 13:01:34', '2018-11-06 13:01:34'),
(243, 39, 9, 'TICKET', '087', '2018-11-07 15:07:51', '0.20', '78.50', 'Registrado', '2018-11-07 14:07:51', '2018-11-07 14:07:51'),
(244, 38, 6, 'FACTURA', '140', '2019-02-05 18:36:01', '0.20', '65.00', 'Registrado', '2019-02-05 17:36:01', '2019-02-05 17:36:01'),
(245, 20, 6, 'FACTURA', '141', '2019-02-06 11:30:31', '0.20', '18.50', 'Registrado', '2019-02-06 10:30:31', '2019-02-06 10:30:31'),
(246, 38, 9, 'TICKET', '088', '2018-11-08 15:49:36', '0.20', '69.50', 'Registrado', '2018-11-08 14:49:36', '2018-11-08 14:49:36'),
(247, 18, 6, 'FACTURA', '142', '2019-02-07 19:02:59', '0.20', '11.00', 'Registrado', '2019-02-07 18:02:59', '2019-02-07 18:02:59'),
(248, 5, 6, 'FACTURA', '143', '2019-02-08 09:29:21', '0.20', '63.00', 'Registrado', '2019-02-08 08:29:21', '2019-02-08 08:29:21'),
(249, 11, 9, 'TICKET', '089', '2018-11-09 11:44:29', '0.20', '94.50', 'Registrado', '2018-11-09 10:44:29', '2018-11-09 10:44:29'),
(250, 18, 6, 'FACTURA', '145', '2019-02-12 15:26:01', '0.20', '50.00', 'Registrado', '2019-02-12 14:26:01', '2019-02-12 14:26:01'),
(251, 17, 6, 'FACTURA', '144', '2019-02-11 13:37:09', '0.20', '52.00', 'Registrado', '2019-02-11 12:37:09', '2019-02-11 12:37:09'),
(252, 1, 9, 'TICKET', '090', '2018-11-12 19:46:33', '0.20', '77.00', 'Registrado', '2018-11-12 18:46:33', '2018-11-12 18:46:33'),
(253, 18, 6, 'FACTURA', '146', '2019-02-13 14:01:40', '0.20', '40.50', 'Registrado', '2019-02-13 13:01:40', '2019-02-13 13:01:40'),
(254, 19, 6, 'FACTURA', '147', '2019-02-14 18:41:42', '0.20', '36.00', 'Registrado', '2019-02-14 17:41:42', '2019-02-14 17:41:42'),
(255, 30, 6, 'FACTURA', '148', '2019-02-15 10:47:51', '0.20', '74.00', 'Registrado', '2019-02-15 09:47:51', '2019-02-15 09:47:51'),
(256, 16, 9, 'TICKET', '091', '2018-11-13 08:20:54', '0.20', '85.00', 'Registrado', '2018-11-13 07:20:54', '2018-11-13 07:20:54'),
(257, 3, 6, 'TICKET', '149', '2019-02-18 19:02:55', '0.20', '40.00', 'Registrado', '2019-02-18 18:02:55', '2019-02-18 18:02:55'),
(258, 28, 6, 'TICKET', '150', '2019-02-19 12:57:41', '0.20', '66.00', 'Registrado', '2019-02-19 11:57:41', '2019-02-19 11:57:41'),
(259, 11, 9, 'TICKET', '092', '2018-11-14 14:14:36', '0.20', '90.00', 'Registrado', '2018-11-14 13:14:36', '2018-11-14 13:14:36'),
(260, 9, 9, 'TICKET', '093', '2018-11-15 10:33:57', '0.20', '75.50', 'Registrado', '2018-11-15 09:33:57', '2018-11-15 09:33:57'),
(261, 5, 9, 'TICKET', '094', '2018-11-16 10:00:49', '0.20', '60.50', 'Registrado', '2018-11-16 09:00:49', '2018-11-16 09:00:49'),
(262, 38, 9, 'TICKET', '095', '2018-11-26 16:43:27', '0.20', '75.50', 'Registrado', '2018-11-26 15:43:27', '2018-11-26 15:43:27'),
(263, 28, 9, 'TICKET', '096', '2018-11-27 13:44:26', '0.20', '89.00', 'Registrado', '2018-11-27 12:44:26', '2018-11-27 12:44:26'),
(264, 39, 9, 'TICKET', '097', '2018-11-28 18:15:08', '0.20', '66.50', 'Registrado', '2018-11-28 17:15:08', '2018-11-28 17:15:08'),
(265, 34, 9, 'TICKET', '098', '2018-11-29 19:53:04', '0.20', '60.80', 'Registrado', '2018-11-29 18:53:04', '2018-11-29 18:53:04'),
(266, 1, 9, 'TICKET', '99', '2019-02-19 08:40:16', '0.20', '76.20', 'Registrado', '2019-02-19 07:40:16', '2019-02-19 07:40:16'),
(267, 29, 9, 'TICKET', '100', '2018-11-30 09:24:40', '0.20', '68.20', 'Registrado', '2018-11-30 08:24:40', '2018-11-30 08:24:40'),
(268, 18, 9, 'TICKET', '151', '2019-02-20 18:42:41', '0.20', '67.30', 'Registrado', '2019-02-20 17:42:41', '2019-02-20 17:42:41'),
(269, 3, 9, 'TICKET', '152', '2019-02-21 16:13:38', '0.20', '88.50', 'Registrado', '2019-02-21 15:13:38', '2019-02-21 15:13:38'),
(270, 5, 9, 'TICKET', '153', '2019-02-22 09:17:22', '0.20', '73.70', 'Registrado', '2019-02-22 08:17:22', '2019-02-22 08:17:22'),
(271, 20, 9, 'TICKET', '154', '2019-02-25 18:36:45', '0.20', '72.10', 'Registrado', '2019-02-25 17:36:45', '2019-02-25 17:36:45'),
(272, 9, 9, 'TICKET', '155', '2019-02-26 15:33:52', '0.20', '67.00', 'Registrado', '2019-02-26 14:33:52', '2019-02-26 14:33:52'),
(273, 19, 9, 'TICKET', '156', '2019-02-27 18:04:58', '0.20', '77.60', 'Registrado', '2019-02-27 17:04:58', '2019-02-27 17:04:58'),
(274, 31, 9, 'TICKET', '157', '2019-02-28 19:54:03', '0.20', '64.00', 'Registrado', '2019-02-28 18:54:03', '2019-02-28 18:54:03'),
(275, 31, 9, 'TICKET', '158', '2019-03-01 10:09:17', '0.20', '87.00', 'Registrado', '2019-03-01 09:09:17', '2019-03-01 09:09:17'),
(276, 31, 9, 'TICKET', '159', '2019-03-04 08:11:18', '0.20', '61.80', 'Registrado', '2019-03-04 07:11:18', '2019-03-04 07:11:18'),
(277, 39, 9, 'TICKET', '160', '2019-03-05 08:37:40', '0.20', '65.40', 'Registrado', '2019-03-05 07:37:40', '2019-03-05 07:37:40'),
(278, 34, 9, 'TICKET', '161', '2019-03-06 14:21:52', '0.20', '73.00', 'Registrado', '2019-03-06 13:21:52', '2019-03-06 13:21:52'),
(279, 22, 9, 'TICKET', '161', '2019-03-07 15:19:20', '0.20', '67.00', 'Registrado', '2019-03-07 14:19:20', '2019-03-07 14:19:20'),
(280, 3, 9, 'TICKET', '162', '2019-03-08 08:23:39', '0.20', '63.00', 'Registrado', '2019-03-08 07:23:39', '2019-03-08 07:23:39'),
(281, 22, 9, 'TICKET', '163', '2019-03-11 18:57:56', '0.20', '63.00', 'Registrado', '2019-03-11 17:57:56', '2019-03-11 17:57:56'),
(282, 3, 9, 'TICKET', '164', '2019-03-12 19:12:09', '0.20', '54.80', 'Registrado', '2019-03-12 18:12:09', '2019-03-12 18:12:09'),
(283, 34, 9, 'TICKET', '165', '2019-03-13 10:57:05', '0.20', '72.50', 'Registrado', '2019-03-13 09:57:05', '2019-03-13 09:57:05'),
(284, 5, 9, 'TICKET', '166', '2019-03-14 11:45:47', '0.20', '55.70', 'Registrado', '2019-03-14 10:45:47', '2019-03-14 10:45:47'),
(285, 12, 9, 'TICKET', '167', '2019-03-15 09:04:35', '0.20', '71.00', 'Registrado', '2019-03-15 08:04:35', '2019-03-15 08:04:35'),
(286, 13, 9, 'TICKET', '168', '2019-03-18 13:45:39', '0.20', '62.00', 'Registrado', '2019-03-18 12:45:39', '2019-03-18 12:45:39'),
(287, 30, 9, 'TICKET', '169', '2019-03-19 10:34:47', '0.20', '77.00', 'Registrado', '2019-03-19 09:34:47', '2019-03-19 09:34:47'),
(288, 14, 9, 'TICKET', '170', '2019-03-20 18:37:42', '0.20', '67.50', 'Registrado', '2019-03-20 17:37:42', '2019-03-20 17:37:42'),
(289, 29, 9, 'TICKET', '171', '2019-03-21 12:11:45', '0.20', '70.50', 'Registrado', '2019-03-21 11:11:45', '2019-03-21 11:11:45'),
(290, 10, 9, 'TICKET', '172', '2019-03-22 08:30:15', '0.20', '98.50', 'Registrado', '2019-03-22 07:30:15', '2019-03-22 07:30:15'),
(291, 2, 9, 'TICKET', '173', '2019-03-26 18:57:21', '0.20', '66.50', 'Registrado', '2019-03-26 17:57:21', '2019-03-26 17:57:21'),
(292, 2, 9, 'TICKET', '173', '2019-03-25 14:00:19', '0.20', '66.50', 'Registrado', '2019-03-25 13:00:19', '2019-03-25 13:00:19'),
(293, 18, 9, 'TICKET', '174', '2019-03-27 13:15:51', '0.20', '64.90', 'Registrado', '2019-03-27 12:15:51', '2019-03-27 12:15:51'),
(294, 17, 9, 'TICKET', '175', '2019-03-28 09:50:20', '0.20', '75.30', 'Registrado', '2019-03-28 08:50:20', '2019-03-28 08:50:20'),
(295, 17, 9, 'TICKET', '176', '2019-03-29 07:12:23', '0.20', '79.00', 'Registrado', '2019-03-29 06:12:23', '2019-03-29 06:12:23'),
(296, 38, 9, 'TICKET', '177', '2019-04-01 14:47:51', '0.20', '68.50', 'Registrado', '2019-04-01 12:47:51', '2019-04-01 12:47:51'),
(297, 38, 9, 'TICKET', '178', '2019-04-02 11:52:11', '0.20', '60.00', 'Registrado', '2019-04-02 09:52:11', '2019-04-02 09:52:11'),
(298, 5, 9, 'TICKET', '179', '2019-04-03 16:21:28', '0.20', '79.50', 'Registrado', '2019-04-03 14:21:28', '2019-04-03 14:21:28'),
(299, 28, 9, 'TICKET', '180', '2019-04-05 09:52:28', '0.20', '77.50', 'Registrado', '2019-04-05 07:52:28', '2019-04-05 07:52:28'),
(300, 20, 9, 'TICKET', '181', '2019-04-08 14:50:43', '0.20', '82.00', 'Registrado', '2019-04-08 12:50:43', '2019-04-08 12:50:43'),
(301, 38, 9, 'TICKET', '182', '2019-04-09 16:33:48', '0.20', '63.50', 'Registrado', '2019-04-09 14:33:48', '2019-04-09 14:33:48'),
(302, 28, 9, 'TICKET', '183', '2019-04-10 08:09:45', '0.20', '80.00', 'Registrado', '2019-04-10 06:09:45', '2019-04-10 06:09:45'),
(303, 20, 9, 'TICKET', '184', '2019-04-11 16:22:36', '0.20', '87.50', 'Registrado', '2019-04-11 14:22:36', '2019-04-11 14:22:36'),
(304, 30, 9, 'TICKET', '185', '2019-04-15 08:45:46', '0.20', '64.50', 'Registrado', '2019-04-15 06:45:46', '2019-04-15 06:45:46'),
(305, 3, 9, 'TICKET', '186', '2019-04-16 10:48:53', '0.20', '61.50', 'Registrado', '2019-04-16 08:48:53', '2019-04-16 08:48:53'),
(306, 38, 9, 'TICKET', '187', '2019-04-17 11:42:30', '0.20', '76.00', 'Registrado', '2019-04-17 09:42:30', '2019-04-17 09:42:30'),
(307, 33, 9, 'TICKET', '188', '2019-04-18 15:05:07', '0.20', '62.50', 'Registrado', '2019-04-18 13:05:07', '2019-04-18 13:05:07'),
(308, 3, 9, 'TICKET', '189', '2019-04-22 19:12:41', '0.20', '67.00', 'Registrado', '2019-04-22 17:12:41', '2019-04-22 17:12:41'),
(309, 20, 9, 'TICKET', '190', '2019-04-22 19:12:41', '0.20', '73.00', 'Registrado', '2019-04-22 17:12:41', '2019-04-22 17:12:41'),
(310, 18, 9, 'TICKET', '190', '2019-04-23 11:22:35', '0.20', '71.00', 'Registrado', '2019-04-23 09:22:35', '2019-04-23 11:01:43'),
(311, 30, 9, 'TICKET', '192', '2019-04-24 16:17:12', '0.20', '93.50', 'Registrado', '2019-04-24 11:04:05', '2019-04-24 11:04:05'),
(312, 17, 9, 'TICKET', '193', '2019-04-25 16:07:55', '0.20', '76.00', 'Registrado', '2019-04-25 11:06:12', '2019-04-25 11:06:12'),
(313, 28, 9, 'TICKET', '194', '2019-04-26 10:01:12', '0.20', '79.00', 'Registrado', '2019-04-26 08:01:12', '2019-04-26 08:01:12'),
(314, 9, 9, 'TICKET', '195', '2019-04-30 10:01:12', '0.20', '82.00', 'Registrado', '2019-04-30 11:08:25', '2019-04-30 11:08:25'),
(315, 8, 9, 'TICKET', '196', '2019-05-02 19:23:43', '0.20', '38.00', 'Registrado', '2019-05-02 11:09:55', '2019-05-02 11:09:55'),
(316, 11, 9, 'TICKET', '196', '2019-05-01 11:19:00', '0.20', '91.00', 'Registrado', '2019-05-01 11:10:48', '2019-05-01 11:10:48'),
(317, 16, 9, 'TICKET', '198', '2019-05-06 13:25:48', '0.20', '88.00', 'Registrado', '2019-05-06 11:11:57', '2019-05-06 11:11:57'),
(318, 2, 9, 'TICKET', '199', '2019-05-07 17:35:33', '0.20', '85.00', 'Registrado', '2019-05-07 11:13:33', '2019-05-07 11:13:33'),
(319, 8, 9, 'TICKET', '200', '2019-05-08 13:00:05', '0.20', '75.00', 'Registrado', '2019-05-08 11:15:48', '2019-05-08 11:15:48'),
(320, 2, 9, 'TICKET', '201', '2019-05-09 15:51:22', '0.20', '63.00', 'Registrado', '2019-05-09 11:17:43', '2019-05-09 11:17:43'),
(321, 9, 9, 'TICKET', '202', '2019-05-10 10:01:12', '0.20', '68.50', 'Registrado', '2019-05-10 09:19:57', '2019-05-10 09:12:57'),
(322, 31, 9, 'TICKET', '203', '2019-05-13 19:30:14', '0.20', '79.00', 'Registrado', '2019-05-13 11:21:02', '2019-05-13 11:23:02'),
(323, 38, 9, 'TICKET', '204', '2019-05-14 19:50:39', '0.20', '77.50', 'Registrado', '2020-07-30 11:22:11', '2020-07-30 11:22:11'),
(324, 6, 9, 'TICKET', '205', '2019-05-14 19:50:39', '0.20', '73.00', 'Registrado', '2019-05-14 11:23:01', '2019-05-14 11:23:01'),
(325, 39, 9, 'TICKET', '206', '2019-05-15 12:51:45', '0.20', '75.00', 'Registrado', '2019-05-15 11:24:09', '2019-05-15 11:24:09'),
(326, 6, 9, 'TICKET', '207', '2019-05-16 11:41:41', '0.20', '69.00', 'Registrado', '2019-05-16 11:25:24', '2019-05-16 11:25:24'),
(327, 29, 9, 'TICKET', '208', '2019-05-20 19:39:22', '0.20', '68.00', 'Registrado', '2019-05-20 11:26:43', '2019-05-20 11:26:43'),
(328, 32, 9, 'TICKET', '209', '2019-05-21 13:14:18', '0.20', '84.00', 'Registrado', '2019-05-21 11:27:42', '2019-05-21 11:27:42'),
(329, 6, 9, 'TICKET', '210', '2019-05-22 00:00:00', '0.20', '91.00', 'Registrado', '2019-05-22 11:28:52', '2019-05-22 11:28:52'),
(330, 20, 9, 'TICKET', '211', '2019-05-23 10:33:39', '0.20', '86.00', 'Registrado', '2019-05-23 11:30:01', '2019-05-23 11:30:01'),
(331, 16, 9, 'TICKET', '212', '2019-05-24 10:01:12', '0.20', '69.00', 'Registrado', '2019-05-24 11:31:07', '2019-05-24 11:31:07'),
(332, 6, 9, 'TICKET', '213', '2019-05-27 15:04:19', '0.20', '86.00', 'Registrado', '2019-05-27 11:32:09', '2019-05-27 11:32:09'),
(333, 8, 9, 'TICKET', '214', '2019-05-28 19:35:33', '0.20', '61.50', 'Registrado', '2019-05-28 11:33:48', '2019-05-28 11:33:48'),
(334, 21, 9, 'TICKET', '215', '2019-05-29 11:19:51', '0.20', '67.00', 'Registrado', '2019-05-29 11:35:06', '2019-05-29 11:35:06'),
(335, 21, 9, 'TICKET', '216', '2019-05-30 11:56:25', '0.20', '68.00', 'Registrado', '2019-05-30 11:36:13', '2019-05-30 11:36:13'),
(336, 21, 9, 'TICKET', '217', '2019-06-03 08:53:38', '0.20', '69.00', 'Registrado', '2019-06-03 11:37:55', '2019-06-03 11:37:55'),
(337, 33, 9, 'TICKET', '218', '2019-06-04 11:10:10', '0.20', '72.00', 'Registrado', '2019-06-04 11:39:12', '2019-06-04 11:39:12'),
(338, 3, 9, 'TICKET', '219', '2019-06-05 13:27:14', '0.20', '88.50', 'Registrado', '2019-06-05 11:40:28', '2019-06-05 11:40:28'),
(339, 33, 9, 'TICKET', '220', '2019-06-06 10:01:12', '0.20', '88.00', 'Registrado', '2019-06-06 11:41:21', '2019-06-06 11:41:21'),
(340, 21, 8, 'FACTURA', '251', '2019-07-26 08:27:13', '0.20', '12.00', 'Registrado', '2019-07-26 06:29:13', '2019-07-26 06:29:13'),
(341, 3, 9, 'TICKET', '221', '2019-06-07 10:00:00', '0.20', '60.50', 'Registrado', '2019-06-07 09:42:36', '2019-06-07 09:42:36'),
(342, 17, 9, 'TICKET', '222', '2019-06-10 11:00:00', '0.20', '79.60', 'Registrado', '2019-06-10 11:43:51', '2019-06-10 11:43:51'),
(343, 13, 8, 'TICKET', '252', '2019-07-29 08:12:52', '0.20', '69.00', 'Registrado', '2019-07-29 08:43:56', '2019-07-29 08:49:56'),
(344, 33, 9, 'TICKET', '223', '2019-06-11 11:00:00', '0.20', '72.50', 'Registrado', '2019-06-11 11:44:44', '2019-06-11 11:44:44'),
(345, 2, 8, 'FACTURA', '253', '2019-07-30 16:14:01', '0.20', '30.00', 'Registrado', '2019-07-30 15:14:01', '2019-07-30 15:14:01'),
(346, 28, 8, 'FACTURA', '254', '2019-07-31 17:27:08', '0.20', '15.00', 'Registrado', '2019-07-31 15:29:08', '2019-06-30 15:29:08'),
(347, 5, 8, 'FACTURA', '255', '2019-08-01 13:52:54', '0.20', '30.00', 'Registrado', '2019-08-01 11:56:34', '2019-08-01 11:56:34'),
(348, 32, 9, 'TICKET', '224', '2019-06-12 09:30:00', '0.20', '73.00', 'Registrado', '2019-06-12 11:46:39', '2019-06-12 11:46:39'),
(349, 33, 8, 'FACTURA', '256', '2019-08-02 08:23:13', '0.20', '12.00', 'Registrado', '2019-08-02 07:23:13', '2019-08-02 07:23:13'),
(350, 5, 8, 'FACTURA', '257', '2019-08-05 18:44:32', '0.20', '95.00', 'Registrado', '2019-08-05 17:47:54', '2019-08-05 17:47:54'),
(351, 9, 9, 'TICKET', '225', '2019-06-13 11:10:08', '0.20', '67.50', 'Registrado', '2019-06-13 11:48:25', '2019-06-13 11:48:25'),
(352, 20, 8, 'FACTURA', '258', '2019-08-06 14:34:26', '0.20', '80.00', 'Registrado', '2019-08-06 14:48:42', '2019-08-06 14:48:42'),
(353, 31, 8, 'FACTURA', '259', '2019-08-07 16:42:21', '0.20', '128.00', 'Registrado', '2019-08-07 14:49:19', '2019-08-07 14:49:19'),
(354, 30, 8, 'FACTURA', '260', '2019-08-08 14:47:26', '0.20', '28.00', 'Registrado', '2019-08-08 13:47:26', '2019-08-08 13:47:26'),
(355, 33, 9, 'TICKET', '226', '2019-06-14 08:27:13', '0.20', '84.00', 'Registrado', '2019-06-14 08:50:38', '2019-06-14 08:50:38'),
(356, 8, 8, 'FACTURA', '261', '2019-08-12 13:57:43', '0.20', '49.40', 'Registrado', '2019-08-12 12:57:43', '2019-08-12 12:57:43'),
(357, 12, 8, 'FACTURA', '262', '2020-07-30 00:00:00', '0.20', '45.00', 'Registrado', '2020-07-30 11:52:48', '2020-07-30 11:52:48'),
(358, 10, 8, 'FACTURA', '263', '2019-08-13 12:45:14', '0.20', '7.00', 'Registrado', '2019-08-13 11:53:36', '2019-08-13 11:53:36'),
(359, 19, 8, 'FACTURA', '265', '2019-08-15 08:12:03', '0.20', '50.00', 'Registrado', '2019-08-15 07:12:03', '2019-08-15 07:12:03'),
(360, 34, 8, 'FACTURA', '264', '2019-08-14 16:42:20', '0.20', '40.00', 'Registrado', '2019-08-14 15:54:56', '2019-08-14 15:54:56'),
(361, 21, 8, 'FACTURA', '266', '2019-08-16 11:50:49', '0.20', '28.00', 'Registrado', '2019-08-16 09:55:49', '2019-08-16 09:55:49'),
(362, 3, 9, 'FACTURA', '227', '2019-06-17 17:36:24', '0.20', '77.00', 'Registrado', '2019-06-17 11:55:44', '2019-06-17 11:55:44'),
(363, 2, 8, 'FACTURA', '267', '2019-08-19 15:06:59', '0.20', '76.00', 'Registrado', '2019-08-19 14:56:24', '2019-08-19 14:56:24'),
(364, 34, 8, 'FACTURA', '268', '2019-08-20 15:20:49', '0.20', '30.00', 'Registrado', '2019-08-20 13:56:56', '2019-08-20 13:56:56'),
(365, 34, 8, 'FACTURA', '269', '2019-08-21 14:47:11', '0.20', '40.00', 'Registrado', '2019-08-21 12:57:37', '2019-08-21 12:57:37'),
(366, 10, 8, 'FACTURA', '270', '2019-08-22 18:47:05', '0.20', '80.00', 'Registrado', '2019-08-22 17:58:10', '2019-08-22 17:58:10'),
(367, 32, 9, 'FACTURA', '228', '2019-06-18 17:01:47', '0.20', '84.50', 'Registrado', '2019-06-18 11:59:31', '2019-06-18 11:59:31'),
(368, 33, 9, 'FACTURA', '229', '2019-06-19 16:33:33', '0.20', '90.50', 'Registrado', '2019-06-19 12:00:35', '2019-06-19 12:00:35'),
(369, 33, 9, 'FACTURA', '230', '2019-06-20 16:07:34', '0.20', '109.00', 'Registrado', '2019-06-20 12:01:58', '2019-06-20 12:01:58'),
(371, 3, 9, 'FACTURA', '231', '2019-06-24 10:09:14', '0.20', '63.50', 'Registrado', '2019-06-24 12:03:21', '2019-06-24 12:03:21'),
(372, 21, 9, 'FACTURA', '232', '2019-06-25 18:18:38', '0.20', '72.00', 'Registrado', '2019-06-25 12:05:14', '2019-06-25 12:05:14'),
(373, 33, 9, 'FACTURA', '233', '2019-06-26 12:01:18', '0.20', '71.00', 'Registrado', '2019-06-26 12:07:20', '2019-06-26 12:07:20'),
(374, 19, 6, 'FACTURA', '234', '2019-06-27 09:11:53', '0.20', '36.50', 'Registrado', '2019-06-27 12:14:08', '2019-06-27 12:14:08'),
(375, 18, 6, 'TICKET', '235', '2019-06-28 10:30:00', '0.20', '48.00', 'Registrado', '2019-06-28 09:15:33', '2019-06-28 09:15:33'),
(376, 27, 6, 'FACTURA', '236', '2019-07-01 16:09:32', '0.20', '22.50', 'Registrado', '2019-07-01 12:16:02', '2020-07-30 12:16:02'),
(377, 18, 6, 'FACTURA', '237', '2019-07-02 15:14:21', '0.20', '56.00', 'Registrado', '2019-07-02 12:16:48', '2019-07-02 12:16:48'),
(378, 3, 6, 'FACTURA', '238', '2019-07-03 14:14:58', '0.20', '81.00', 'Registrado', '2019-07-03 12:17:40', '2019-07-03 12:17:40'),
(379, 27, 6, 'FACTURA', '239', '2019-07-04 16:01:27', '0.20', '41.00', 'Registrado', '2019-07-04 12:18:38', '2019-07-04 12:18:38'),
(380, 28, 6, 'TICKET', '240', '2019-07-05 08:27:13', '0.20', '30.00', 'Registrado', '2019-07-05 12:20:11', '2019-07-05 12:20:11'),
(381, 37, 6, 'FACTURA', '241', '2019-07-08 08:34:32', '0.20', '47.00', 'Registrado', '2019-07-08 12:21:04', '2019-07-08 12:21:04'),
(382, 19, 6, 'TICKET', '242', '2019-07-10 15:46:09', '0.20', '30.00', 'Registrado', '2019-07-10 13:51:55', '2019-07-10 13:51:55'),
(383, 20, 6, 'FACTURA', '242', '2019-07-09 18:37:02', '0.20', '13.00', 'Anulado', '2019-07-10 17:22:26', '2019-07-10 17:22:41'),
(384, 19, 6, 'FACTURA', '243', '2019-07-11 19:13:56', '0.20', '30.00', 'Registrado', '2019-07-11 17:23:10', '2019-07-11 17:23:10'),
(385, 18, 6, 'TICKET', '244', '2019-07-16 09:42:07', '0.20', '90.00', 'Registrado', '2019-07-16 12:23:56', '2019-07-16 12:23:56'),
(386, 27, 6, 'FACTURA', '245', '2019-07-17 17:50:41', '0.20', '49.50', 'Registrado', '2019-07-17 12:24:42', '2019-07-17 12:24:42'),
(387, 27, 6, 'FACTURA', '246', '2019-07-18 11:02:23', '0.20', '49.50', 'Registrado', '2019-07-18 12:25:19', '2019-07-18 12:25:19'),
(388, 33, 6, 'TICKET', '247', '2019-07-19 08:27:13', '0.20', '90.00', 'Registrado', '2019-07-19 06:29:13', '2019-07-19 06:29:13'),
(389, 15, 6, 'FACTURA', '248', '2019-07-22 11:49:48', '0.20', '45.00', 'Registrado', '2019-07-22 12:27:14', '2019-07-22 12:27:14'),
(390, 27, 6, 'FACTURA', '248', '2019-07-23 18:09:51', '0.20', '37.00', 'Anulado', '2019-07-23 16:10:51', '2019-07-23 16:10:51'),
(391, 30, 6, 'FACTURA', '249', '2019-07-24 09:12:21', '0.20', '21.50', 'Registrado', '2019-07-24 07:19:21', '2019-07-24 07:19:21'),
(392, 1, 6, 'FACTURA', '250', '2019-07-25 14:30:40', '0.20', '65.00', 'Registrado', '2019-07-25 12:38:40', '2019-07-25 12:38:40'),
(393, 34, 4, 'FACTURA', '271', '2019-08-26 10:33:05', '0.20', '4.00', 'Registrado', '2019-08-26 12:55:08', '2019-08-26 12:55:08'),
(394, 9, 9, 'TICKET', '292', '2019-09-25 15:48:40', '0.20', '6.50', 'Registrado', '2019-09-25 13:48:40', '2019-09-25 13:48:40'),
(395, 29, 9, 'TICKET', '293', '2019-09-25 18:43:14', '0.20', '5.50', 'Registrado', '2019-09-25 16:43:14', '2019-09-25 16:43:14'),
(396, 5, 4, 'FACTURA', '272', '2019-08-27 13:57:15', '0.20', '5.00', 'Registrado', '2019-08-27 12:58:14', '2019-08-27 12:58:14'),
(397, 13, 4, 'FACTURA', '271', '2019-08-23 08:27:13', '0.20', '6.00', 'Registrado', '2019-08-23 06:57:13', '2019-08-23 06:57:13'),
(398, 8, 9, 'FACTURA', '294', '2019-12-05 11:08:07', '0.20', '7.00', 'Registrado', '2019-12-05 10:08:07', '2019-12-05 10:08:07'),
(399, 34, 4, 'FACTURA', '273', '2019-08-28 17:38:18', '0.20', '6.00', 'Registrado', '2019-08-28 16:00:37', '2019-08-28 16:00:37'),
(400, 17, 9, 'TICKET', '295', '2019-09-26 08:25:24', '0.20', '7.00', 'Registrado', '2019-09-26 06:25:24', '2019-09-26 06:25:24'),
(401, 6, 9, 'TICKET', '296', '2020-01-09 15:54:48', '0.20', '7.00', 'Registrado', '2020-01-09 14:54:48', '2020-01-09 14:54:48'),
(402, 22, 4, 'FACTURA', '274', '2019-08-29 17:18:18', '0.20', '50.00', 'Registrado', '2019-08-29 16:30:23', '2019-08-29 16:30:23'),
(403, 38, 9, 'TICKET', '297', '2019-12-09 13:13:31', '0.20', '6.50', 'Registrado', '2019-12-09 12:13:31', '2019-12-09 12:13:31'),
(404, 21, 9, 'TICKET', '298', '2019-09-27 17:38:33', '0.20', '5.00', 'Registrado', '2019-09-27 15:38:33', '2019-09-27 15:38:33'),
(405, 38, 4, 'FACTURA', '275', '2019-08-30 10:19:57', '0.20', '31.00', 'Registrado', '2019-08-30 09:19:57', '2019-08-30 09:19:57'),
(406, 33, 4, 'FACTURA', '276', '2019-09-04 13:34:01', '0.20', '4.00', 'Registrado', '2019-09-04 13:03:40', '2019-09-04 13:03:40'),
(407, 33, 4, 'FACTURA', '276', '2019-09-02 18:04:19', '0.20', '4.00', 'Registrado', '2019-09-02 17:03:42', '2019-09-02 17:03:42'),
(408, 2, 4, 'FACTURA', '277', '2019-09-05 11:49:53', '0.20', '30.00', 'Registrado', '2019-09-05 13:04:47', '2019-09-05 13:04:47'),
(409, 17, 4, 'FACTURA', '278', '2019-09-06 09:00:21', '0.20', '2.50', 'Registrado', '2019-09-06 09:05:32', '2019-09-06 09:05:32'),
(410, 12, 4, 'FACTURA', '279', '2019-09-09 15:14:56', '0.20', '2.50', 'Registrado', '2019-09-09 13:06:33', '2019-09-09 13:06:33'),
(411, 9, 4, 'FACTURA', '280', '2019-09-10 14:45:58', '0.20', '20.00', 'Registrado', '2019-09-10 13:07:10', '2019-09-10 13:07:10'),
(412, 33, 9, 'TICKET', '299', '2019-09-27 08:23:25', '0.20', '5.00', 'Registrado', '2019-09-27 06:23:25', '2019-09-27 06:23:25'),
(413, 39, 4, 'FACTURA', '281', '2019-09-11 11:16:10', '0.20', '6.00', 'Registrado', '2019-09-11 13:08:05', '2019-09-11 13:08:05'),
(414, 32, 9, 'TICKET', '300', '2019-12-10 14:06:48', '0.20', '5.00', 'Registrado', '2019-12-10 13:06:48', '2019-12-10 13:06:48'),
(415, 32, 9, 'TICKET', '300', '2019-09-30 19:35:53', '0.20', '5.00', 'Registrado', '2019-09-30 17:35:53', '2019-09-30 17:35:53'),
(416, 29, 4, 'FACTURA', '282', '2019-09-12 11:36:00', '0.20', '2.50', 'Registrado', '2019-09-12 13:09:06', '2019-09-12 13:09:06'),
(417, 21, 9, 'TICKET', '301', '2019-09-30 19:21:00', '0.20', '4.50', 'Registrado', '2019-09-30 17:21:00', '2019-09-30 17:21:00'),
(418, 21, 9, 'TICKET', '302', '2019-12-11 16:00:44', '0.20', '9.50', 'Registrado', '2019-12-11 15:00:44', '2019-12-11 15:00:44'),
(419, 21, 9, 'TICKET', '302', '2019-10-01 19:35:59', '0.20', '9.50', 'Registrado', '2019-10-01 17:35:59', '2019-10-01 17:35:59'),
(420, 31, 4, 'FACTURA', '283', '2019-09-13 08:56:43', '0.20', '3.50', 'Registrado', '2019-09-13 13:10:16', '2019-09-13 13:10:16'),
(421, 17, 9, 'TICKET', '303', '2019-10-01 17:48:07', '0.20', '7.00', 'Registrado', '2019-10-01 15:48:07', '2019-10-01 15:48:07'),
(422, 9, 4, 'FACTURA', '284', '2019-09-17 18:04:00', '0.20', '20.00', 'Registrado', '2019-09-17 17:11:13', '2019-09-17 17:11:13'),
(423, 33, 9, 'TICKET', '304', '2019-10-02 15:12:37', '0.20', '7.00', 'Registrado', '2019-10-02 13:12:37', '2019-10-02 13:12:37'),
(424, 10, 4, 'FACTURA', '284', '2019-09-16 14:09:05', '0.20', '20.00', 'Registrado', '2019-09-16 13:12:06', '2019-09-16 13:12:06'),
(425, 3, 9, 'TICKET', '305', '2019-10-02 17:25:25', '0.20', '7.50', 'Registrado', '2019-10-02 15:25:25', '2019-10-02 15:25:25'),
(426, 27, 4, 'FACTURA', '285', '2019-09-18 10:58:34', '0.20', '16.00', 'Registrado', '2019-09-18 13:13:04', '2019-09-18 13:13:04'),
(427, 38, 9, 'TICKET', '306', '2019-12-12 18:13:53', '0.20', '9.00', 'Registrado', '2019-12-12 17:13:53', '2019-12-12 17:13:53'),
(428, 13, 4, 'FACTURA', '286', '2019-09-23 15:26:51', '0.20', '4.00', 'Registrado', '2019-09-23 13:26:51', '2019-09-23 13:26:51'),
(429, 32, 9, 'TICKET', '307', '2019-10-03 10:47:11', '0.20', '8.50', 'Registrado', '2019-10-03 08:47:11', '2019-10-03 08:47:11'),
(430, 18, 4, 'FACTURA', '287', '2019-12-03 15:03:46', '0.20', '4.00', 'Registrado', '2019-12-03 14:03:46', '2019-12-03 14:03:46'),
(431, 30, 9, 'TICKET', '308', '2019-10-03 12:03:39', '0.20', '6.00', 'Registrado', '2019-10-03 10:03:39', '2019-10-03 10:03:39'),
(432, 22, 4, 'FACTURA', '288', '2019-09-24 08:47:35', '0.20', '5.00', 'Registrado', '2019-09-24 06:47:35', '2019-09-24 06:47:35'),
(433, 5, 9, 'TICKET', '309', '2019-12-16 08:25:10', '0.20', '5.50', 'Registrado', '2019-12-16 07:25:10', '2019-12-16 07:25:10'),
(434, 7, 9, 'TICKET', '310', '2019-10-04 13:25:23', '0.20', '7.00', 'Registrado', '2019-10-04 11:25:23', '2019-10-04 11:25:23'),
(435, 33, 4, 'FACTURA', '289', '2019-09-24 17:22:09', '0.20', '2.00', 'Registrado', '2019-09-24 15:22:09', '2019-09-24 15:22:09'),
(436, 38, 9, 'TICKET', '311', '2019-12-17 17:54:29', '0.20', '5.40', 'Registrado', '2019-12-17 16:54:29', '2019-12-17 16:54:29'),
(437, 38, 9, 'TICKET', '312', '2019-10-07 11:35:45', '0.20', '5.40', 'Registrado', '2019-10-07 09:35:45', '2019-10-07 09:35:45'),
(438, 37, 4, 'FACTURA', '290', '2019-09-24 10:02:31', '0.20', '1.50', 'Registrado', '2019-09-24 08:02:31', '2019-09-24 08:02:31'),
(439, 18, 9, 'TICKET', '312', '2019-10-04 11:29:01', '0.20', '7.00', 'Registrado', '2019-10-04 09:29:01', '2019-10-04 09:29:01'),
(440, 14, 4, 'FACTURA', '291', '2019-12-04 17:27:52', '0.20', '1.50', 'Registrado', '2019-12-04 16:27:52', '2019-12-04 16:27:52'),
(441, 33, 9, 'TICKET', '313', '2019-12-18 14:47:22', '0.20', '10.00', 'Registrado', '2019-12-18 13:47:22', '2019-12-18 13:47:22'),
(442, 33, 9, 'TICKET', '314', '2019-10-07 10:34:38', '0.20', '4.50', 'Registrado', '2019-10-07 08:34:38', '2019-10-07 08:34:38'),
(443, 18, 9, 'TICKET', '315', '2019-10-08 16:01:11', '0.20', '5.40', 'Registrado', '2019-10-08 14:01:11', '2019-10-08 14:01:11'),
(444, 39, 9, 'TICKET', '316', '2019-10-08 09:15:17', '0.20', '7.40', 'Registrado', '2019-10-08 07:15:17', '2019-10-08 07:15:17'),
(445, 38, 9, 'TICKET', '317', '2019-12-19 16:28:39', '0.18', '5.50', 'Registrado', '2019-12-19 15:28:39', '2019-12-19 15:28:39'),
(446, 39, 9, 'TICKET', '318', '2019-10-09 12:48:42', '0.20', '6.40', 'Registrado', '2019-10-09 10:48:42', '2019-10-09 10:48:42'),
(447, 5, 9, 'TICKET', '319', '2019-10-09 17:24:39', '0.20', '6.50', 'Registrado', '2019-10-09 15:24:39', '2019-10-09 15:24:39'),
(448, 20, 9, 'TICKET', '320', '2019-12-23 14:22:24', '0.20', '5.00', 'Registrado', '2019-12-23 13:22:24', '2019-12-23 13:22:24'),
(449, 11, 9, 'TICKET', '321', '2019-10-10 19:57:02', '0.20', '12.00', 'Registrado', '2019-10-10 17:57:02', '2019-10-10 17:57:02'),
(450, 8, 9, 'TICKET', '322', '2019-10-10 16:01:53', '0.20', '16.00', 'Registrado', '2019-10-10 14:01:53', '2019-10-10 14:01:53'),
(451, 32, 9, 'TICKET', '323', '2019-12-24 12:29:10', '0.20', '12.00', 'Registrado', '2019-12-24 11:29:10', '2019-12-24 11:29:10'),
(452, 32, 9, 'TICKET', '324', '2019-10-14 10:44:08', '0.20', '5.50', 'Registrado', '2019-10-14 08:44:08', '2019-10-14 08:44:08'),
(453, 6, 9, 'TICKET', '325', '2019-10-14 15:05:11', '0.20', '7.00', 'Registrado', '2019-10-14 13:05:11', '2019-10-14 13:05:11'),
(454, 17, 9, 'TICKET', '326', '2019-10-15 18:46:29', '0.20', '12.00', 'Registrado', '2019-10-15 16:46:29', '2019-10-15 16:46:29'),
(455, 6, 9, 'TICKET', '327', '2019-10-15 11:36:45', '0.20', '7.00', 'Registrado', '2019-10-15 09:36:45', '2019-10-15 09:36:45'),
(456, 21, 9, 'TICKET', '328', '2019-12-26 17:30:25', '0.20', '10.80', 'Registrado', '2019-12-26 16:30:25', '2019-12-26 16:30:25'),
(457, 8, 9, 'TICKET', '326', '2019-12-25 13:15:27', '0.20', '16.00', 'Registrado', '2019-12-25 12:15:27', '2019-12-25 12:15:27'),
(458, 19, 9, 'TICKET', '330', '2019-10-16 18:37:42', '0.20', '15.00', 'Registrado', '2019-10-16 16:37:42', '2019-10-16 16:37:42'),
(459, 5, 9, 'TICKET', '331', '2019-10-16 15:46:16', '0.20', '10.00', 'Registrado', '2019-10-16 13:46:16', '2019-10-16 13:46:16'),
(460, 3, 9, 'TICKET', '332', '2019-12-31 18:14:44', '0.20', '27.00', 'Registrado', '2019-12-31 17:14:44', '2019-12-31 17:14:44'),
(461, 9, 9, 'TICKET', '333', '2019-10-29 18:00:12', '0.20', '17.50', 'Registrado', '2019-10-29 17:00:12', '2019-10-29 17:00:12'),
(462, 30, 9, 'TICKET', '334', '2019-10-17 19:04:41', '0.20', '17.50', 'Registrado', '2019-10-17 17:04:41', '2019-10-17 17:04:41'),
(463, 3, 9, 'TICKET', '335', '2019-10-17 19:04:41', '0.20', '38.00', 'Registrado', '2019-10-17 17:04:41', '2019-10-17 17:04:41'),
(464, 12, 9, 'TICKET', '336', '2020-01-01 15:30:15', '0.20', '24.00', 'Registrado', '2020-01-01 14:30:15', '2020-01-01 14:30:15'),
(468, 31, 9, 'TICKET', '337', '2019-10-18 15:47:01', '0.20', '24.00', 'Registrado', '2019-10-18 13:47:01', '2019-10-18 13:47:01'),
(469, 31, 9, 'TICKET', '338', '2019-10-18 16:17:28', '0.20', '9.50', 'Registrado', '2019-10-18 14:17:28', '2019-10-18 14:17:28'),
(470, 31, 9, 'TICKET', '339', '2020-01-02 13:18:21', '0.20', '29.40', 'Registrado', '2020-01-02 12:18:21', '2020-01-02 12:18:21'),
(471, 22, 9, 'TICKET', '340', '2019-10-21 12:40:56', '0.20', '48.00', 'Registrado', '2019-10-21 10:40:56', '2019-10-21 10:40:56'),
(472, 31, 9, 'TICKET', '341', '2019-10-21 15:46:48', '0.20', '49.00', 'Registrado', '2019-10-21 13:46:48', '2019-10-21 13:46:48'),
(473, 9, 9, 'TICKET', '342', '2020-01-06 17:57:32', '0.20', '21.00', 'Registrado', '2020-01-06 16:57:32', '2020-01-06 16:57:32'),
(474, 14, 9, 'TICKET', '343', '2019-10-22 17:20:38', '0.20', '24.00', 'Registrado', '2019-10-22 15:20:38', '2019-10-22 15:20:38'),
(475, 2, 9, 'TICKET', '344', '2019-10-22 17:39:07', '0.20', '23.00', 'Registrado', '2019-10-22 15:39:07', '2019-10-22 15:39:07'),
(476, 33, 9, 'TICKET', '345', '2020-01-07 13:32:34', '0.20', '26.00', 'Registrado', '2020-01-07 12:32:34', '2020-01-07 12:32:34'),
(477, 3, 9, 'TICKET', '346', '2019-10-23 15:34:59', '0.20', '36.00', 'Registrado', '2019-10-23 13:34:59', '2019-10-23 13:34:59'),
(478, 21, 9, 'TICKET', '347', '2019-10-23 18:24:04', '0.20', '34.50', 'Registrado', '2020-07-30 16:52:39', '2020-07-30 16:52:39'),
(479, 8, 9, 'TICKET', '348', '2020-01-08 19:18:38', '0.20', '38.00', 'Registrado', '2020-01-08 18:18:38', '2020-01-08 18:18:38'),
(480, 10, 9, 'TICKET', '349', '2019-10-24 15:44:55', '0.20', '16.00', 'Registrado', '2019-10-24 13:44:55', '2019-10-24 13:44:55'),
(481, 17, 9, 'TICKET', '350', '2019-10-24 08:16:41', '0.20', '30.00', 'Registrado', '2019-10-24 06:16:41', '2019-10-24 06:16:41'),
(482, 9, 9, 'TICKET', '351', '2019-10-25 12:03:16', '0.20', '33.50', 'Registrado', '2019-10-25 10:03:16', '2019-10-25 10:03:16'),
(483, 6, 9, 'TICKET', '352', '2019-10-28 14:18:47', '0.20', '32.00', 'Registrado', '2019-10-28 13:18:47', '2019-10-28 13:18:47'),
(484, 3, 9, 'TICKET', '353', '2019-10-28 18:16:59', '0.20', '62.50', 'Registrado', '2019-10-28 17:16:59', '2019-10-28 17:16:59'),
(485, 38, 9, 'TICKET', '354', '2019-10-28 08:34:43', '0.20', '56.00', 'Registrado', '2019-10-28 07:34:43', '2019-10-28 07:34:43'),
(486, 4, 9, 'TICKET', '355', '2019-10-29 16:53:55', '0.20', '81.00', 'Registrado', '2019-10-29 15:53:55', '2019-10-29 15:53:55'),
(487, 22, 9, 'TICKET', '356', '2019-10-29 18:16:27', '0.20', '36.00', 'Registrado', '2019-10-29 17:16:27', '2019-10-29 17:16:27'),
(488, 28, 9, 'TICKET', '357', '2019-10-30 12:20:49', '0.20', '65.00', 'Registrado', '2019-10-30 11:20:49', '2019-10-30 11:20:49'),
(489, 5, 9, 'TICKET', '358', '2019-10-30 10:24:12', '0.20', '31.00', 'Registrado', '2019-10-30 09:24:12', '2019-10-30 09:24:12'),
(490, 9, 9, 'TICKET', '359', '2019-10-31 11:34:25', '0.20', '35.50', 'Registrado', '2019-10-31 10:34:25', '2019-10-31 10:34:25'),
(491, 38, 9, 'TICKET', '360', '2019-11-01 16:36:40', '0.20', '37.00', 'Registrado', '2019-11-01 15:36:40', '2019-11-01 15:36:40'),
(492, 3, 9, 'TICKET', '361', '2019-11-04 12:59:15', '0.20', '34.00', 'Registrado', '2019-11-04 11:59:15', '2019-11-04 11:59:15'),
(493, 29, 9, 'TICKET', '362', '2019-11-05 07:00:00', '0.20', '25.90', 'Registrado', '2019-11-05 06:00:00', '2019-11-05 06:00:00'),
(494, 2, 9, 'TICKET', '362', '2019-11-06 14:26:30', '0.20', '37.00', 'Registrado', '2019-11-06 13:26:30', '2019-11-06 13:26:30'),
(495, 8, 9, 'TICKET', '363', '2019-11-07 18:11:24', '0.20', '60.00', 'Registrado', '2019-11-07 17:11:24', '2019-11-07 17:11:24'),
(496, 9, 9, 'TICKET', '364', '2019-11-07 14:50:44', '0.20', '77.00', 'Registrado', '2019-11-07 13:50:44', '2019-11-07 13:50:44'),
(497, 20, 9, 'FACTURA', '365', '2019-11-11 19:03:14', '0.20', '20.00', 'Registrado', '2019-11-11 18:03:14', '2019-11-11 18:03:14');
INSERT INTO `ventas` (`id`, `idcliente`, `idusuario`, `tipo_identificacion`, `num_venta`, `fecha_venta`, `impuesto`, `total`, `estado`, `created_at`, `updated_at`) VALUES
(498, 38, 9, 'TICKET', '366', '2019-11-11 15:10:38', '0.20', '40.00', 'Registrado', '2019-11-11 14:10:38', '2019-11-11 14:10:38'),
(499, 31, 9, 'TICKET', '367', '2019-11-12 15:05:24', '0.20', '38.00', 'Registrado', '2019-11-12 14:05:24', '2019-11-12 14:05:24'),
(500, 2, 9, 'FACTURA', '368', '2019-11-12 18:19:22', '0.20', '27.80', 'Registrado', '2019-11-12 17:19:22', '2019-11-12 17:19:22'),
(501, 10, 9, 'FACTURA', '369', '2019-11-13 15:21:41', '0.20', '41.00', 'Registrado', '2019-11-13 14:21:41', '2019-11-13 14:21:41'),
(502, 20, 9, 'TICKET', '370', '2019-11-13 16:28:14', '0.20', '74.00', 'Registrado', '2019-11-13 15:28:14', '2019-11-13 15:28:14'),
(503, 2, 9, 'TICKET', '371', '2019-11-14 18:38:27', '0.20', '65.00', 'Registrado', '2019-11-14 17:38:27', '2019-11-14 17:38:27'),
(504, 5, 9, 'TICKET', '372', '2019-11-15 10:33:56', '0.20', '41.40', 'Registrado', '2019-11-15 09:33:56', '2019-11-15 09:33:56'),
(505, 14, 9, 'TICKET', '373', '2019-11-18 08:00:00', '0.20', '26.00', 'Registrado', '2019-11-18 07:00:00', '2019-11-18 07:00:00'),
(506, 17, 9, 'TICKET', '374', '2019-11-19 09:00:00', '0.20', '58.00', 'Registrado', '2019-11-19 08:00:00', '2019-11-19 08:00:00'),
(507, 2, 9, 'TICKET', '375', '2019-11-21 12:20:34', '0.20', '31.00', 'Registrado', '2019-11-21 11:20:34', '2019-11-21 11:20:34'),
(508, 2, 9, 'TICKET', '375', '2019-11-20 16:21:49', '0.20', '31.00', 'Registrado', '2019-11-20 15:21:49', '2019-11-20 15:21:49'),
(509, 19, 9, 'TICKET', '376', '2019-11-26 16:39:47', '0.20', '50.00', 'Registrado', '2019-11-26 15:39:47', '2019-11-26 15:39:47'),
(510, 2, 9, 'TICKET', '376', '2019-11-25 14:45:55', '0.20', '30.00', 'Registrado', '2019-11-25 13:45:55', '2019-11-25 13:45:55'),
(511, 30, 9, 'TICKET', '377', '2019-11-28 12:45:09', '0.20', '40.50', 'Registrado', '2019-11-28 11:45:09', '2019-11-28 11:45:09'),
(512, 14, 9, 'TICKET', '378', '2019-11-29 18:34:44', '0.20', '8.00', 'Registrado', '2019-11-29 17:34:44', '2019-11-29 17:34:44'),
(513, 19, 9, 'TICKET', '379', '2019-12-02 07:00:00', '0.20', '13.50', 'Registrado', '2019-12-02 06:00:00', '2019-12-02 06:00:00'),
(514, 17, 9, 'TICKET', '380', '2019-03-11 16:18:38', '0.20', '46.00', 'Registrado', '2019-03-11 15:18:38', '2019-03-11 15:18:38'),
(515, 8, 9, 'TICKET', '381', '2019-03-12 09:22:56', '0.20', '16.00', 'Registrado', '2019-03-12 08:22:56', '2019-03-12 08:22:56'),
(516, 30, 9, 'TICKET', '382', '2019-03-13 18:20:23', '0.20', '48.00', 'Registrado', '2019-03-13 17:20:23', '2019-03-13 17:20:23'),
(517, 11, 9, 'TICKET', '383', '2019-03-14 14:59:00', '0.20', '54.00', 'Registrado', '2019-03-14 13:59:00', '2019-03-14 13:59:00'),
(518, 19, 9, 'TICKET', '384', '2019-03-15 08:39:54', '0.20', '36.00', 'Registrado', '2019-03-15 07:39:54', '2019-03-15 07:39:54'),
(519, 38, 9, 'TICKET', '385', '2019-03-18 12:15:07', '0.20', '22.00', 'Registrado', '2019-03-18 11:15:07', '2019-03-18 11:15:07'),
(520, 38, 9, 'TICKET', '385', '2019-03-19 12:31:17', '0.20', '22.00', 'Registrado', '2019-03-19 11:31:17', '2019-03-19 11:31:17'),
(521, 17, 9, 'TICKET', '386', '2019-03-20 16:01:28', '0.20', '61.00', 'Registrado', '2019-03-20 15:01:28', '2019-03-20 15:01:28'),
(522, 2, 9, 'TICKET', '387', '2019-03-21 17:23:27', '0.20', '41.00', 'Registrado', '2019-03-21 16:23:27', '2019-03-21 16:23:27'),
(523, 2, 9, 'TICKET', '387', '2019-03-22 10:21:16', '0.20', '41.00', 'Registrado', '2019-03-22 09:21:16', '2019-03-22 09:21:16'),
(524, 2, 9, 'FACTURA', '389', '2019-03-26 08:05:48', '0.18', '40.00', 'Registrado', '2019-03-26 07:05:48', '2019-03-26 07:05:48'),
(525, 19, 9, 'TICKET', '388', '2019-03-25 16:49:58', '0.20', '16.00', 'Registrado', '2019-03-25 15:49:58', '2019-03-25 15:49:58'),
(526, 20, 9, 'TICKET', '390', '2019-03-27 08:31:43', '0.20', '42.00', 'Registrado', '2019-03-27 07:31:43', '2019-03-27 07:31:43'),
(527, 9, 9, 'TICKET', '391', '2019-03-28 10:39:48', '0.20', '61.00', 'Registrado', '2019-03-28 09:39:48', '2019-03-28 09:39:48'),
(528, 20, 9, 'TICKET', '392', '2019-03-29 11:47:05', '0.20', '45.00', 'Registrado', '2019-03-29 10:47:05', '2019-03-29 10:47:05'),
(529, 14, 9, 'FACTURA', '393', '2019-04-01 13:48:17', '0.20', '21.00', 'Registrado', '2019-04-01 11:48:17', '2019-04-01 11:48:17'),
(530, 17, 9, 'FACTURA', '394', '2019-04-02 15:45:52', '0.20', '15.50', 'Registrado', '2019-04-02 13:45:52', '2019-04-02 13:45:52'),
(531, 10, 9, 'TICKET', '395', '2019-04-03 08:41:22', '0.20', '61.00', 'Registrado', '2019-04-03 06:41:22', '2019-04-03 06:41:22'),
(532, 7, 9, 'TICKET', '396', '2020-07-30 00:00:00', '0.20', '21.00', 'Registrado', '2020-07-30 19:57:49', '2020-07-30 19:57:49'),
(533, 19, 9, 'TICKET', '397', '2019-04-25 14:05:30', '0.20', '32.00', 'Registrado', '2019-04-25 20:15:01', '2019-04-25 20:15:01'),
(534, 13, 9, 'FACTURA', '399', '2019-04-30 17:16:55', '0.20', '60.00', 'Registrado', '2019-04-30 20:18:09', '2020-01-16 18:17:27'),
(535, 13, 9, 'FACTURA', '399', '2019-04-26 08:40:20', '0.20', '60.00', 'Registrado', '2019-04-26 08:18:12', '2019-04-26 08:18:12'),
(536, 17, 9, 'TICKET', '400', '2019-05-01 17:48:08', '0.20', '37.60', 'Registrado', '2019-05-01 20:21:50', '2019-05-01 20:21:50'),
(537, 8, 9, 'TICKET', '401', '2019-05-02 17:48:08', '0.20', '27.00', 'Registrado', '2019-05-02 20:23:08', '2019-05-02 20:23:08'),
(538, 2, 9, 'TICKET', '402', '2019-05-06 13:50:32', '0.20', '82.00', 'Registrado', '2019-05-06 20:24:16', '2019-05-06 20:24:16'),
(539, 14, 9, 'TICKET', '403', '2019-05-08 11:02:51', '0.20', '48.00', 'Registrado', '2019-05-08 20:25:06', '2019-05-08 20:25:06'),
(540, 2, 9, 'TICKET', '404', '2019-05-13 12:41:19', '0.20', '64.00', 'Registrado', '2019-05-13 20:27:06', '2019-05-13 20:27:06'),
(541, 19, 9, 'TICKET', '405', '2019-05-14 16:25:26', '0.20', '21.50', 'Registrado', '2019-05-14 20:28:50', '2019-05-14 20:28:50'),
(542, 30, 9, 'TICKET', '406', '2019-05-20 14:30:01', '0.20', '30.00', 'Registrado', '2019-05-20 20:29:36', '2019-05-20 20:29:36'),
(543, 14, 9, 'TICKET', '407', '2019-05-22 11:45:35', '0.20', '39.60', 'Registrado', '2019-05-22 20:33:25', '2019-05-22 20:33:25'),
(544, 19, 9, 'TICKET', '408', '2019-05-24 08:21:37', '0.20', '34.00', 'Registrado', '2019-05-24 09:34:38', '2019-05-24 09:34:38'),
(545, 30, 9, 'TICKET', '409', '2019-05-28 10:47:09', '0.20', '15.00', 'Registrado', '2019-05-28 20:36:35', '2019-05-28 20:36:35'),
(546, 17, 9, 'TICKET', '410', '2019-06-18 15:46:07', '0.20', '32.00', 'Registrado', '2019-06-18 20:40:15', '2019-06-18 20:40:15'),
(547, 17, 9, 'TICKET', '410', '2019-05-30 10:40:55', '0.20', '32.00', 'Registrado', '2019-05-30 20:40:18', '2019-05-30 20:40:18'),
(548, 2, 9, 'TICKET', '412', '2019-06-19 11:50:37', '0.20', '38.00', 'Registrado', '2019-06-19 20:41:17', '2019-06-19 20:41:17'),
(549, 19, 9, 'TICKET', '413', '2019-07-01 17:37:02', '0.20', '46.50', 'Registrado', '2019-07-01 20:42:04', '2019-07-01 20:42:04'),
(550, 19, 9, 'TICKET', '414', '2019-07-05 08:17:49', '0.20', '50.50', 'Registrado', '2019-07-05 08:45:17', '2019-07-05 08:45:17'),
(551, 19, 9, 'TICKET', '415', '2019-07-08 12:43:22', '0.20', '9.00', 'Registrado', '2019-07-08 10:45:53', '2019-07-08 10:45:53'),
(552, 19, 9, 'TICKET', '415', '2020-02-10 12:28:24', '0.20', '9.00', 'Registrado', '2020-02-10 11:28:24', '2020-02-10 11:28:24'),
(553, 2, 9, 'TICKET', '416', '2020-02-11 17:02:25', '0.20', '14.00', 'Registrado', '2020-02-11 16:02:25', '2020-02-11 16:02:25'),
(554, 19, 9, 'TICKET', '417', '2020-02-12 08:54:36', '0.20', '29.50', 'Registrado', '2020-02-12 07:54:36', '2020-02-12 07:54:36'),
(555, 2, 9, 'TICKET', '418', '2020-02-12 19:01:20', '0.20', '28.50', 'Registrado', '2020-02-12 18:01:20', '2020-02-12 18:01:20'),
(556, 2, 9, 'TICKET', '419', '2020-02-13 15:49:34', '0.20', '38.90', 'Registrado', '2020-02-13 14:49:34', '2020-02-13 14:49:34'),
(557, 2, 9, 'TICKET', '419', '2020-02-13 17:00:44', '0.20', '38.90', 'Registrado', '2020-02-13 16:00:44', '2020-02-13 16:00:44'),
(558, 7, 9, 'TICKET', '420', '2019-09-23 19:31:27', '0.20', '28.80', 'Registrado', '2019-09-23 17:31:27', '2019-09-23 17:31:27'),
(559, 32, 8, 'FACTURA', '422', '2020-02-14 09:00:00', '0.20', '24.00', 'Registrado', '2020-02-14 08:00:00', '2020-02-14 08:00:00'),
(560, 19, 8, 'FACTURA', '423', '2020-02-14 11:59:49', '0.20', '31.00', 'Registrado', '2020-02-14 10:59:49', '2020-02-14 10:59:49'),
(561, 20, 8, 'FACTURA', '423', '2020-02-17 18:24:49', '0.20', '30.00', 'Registrado', '2020-02-17 17:24:49', '2020-02-17 17:24:49'),
(562, 18, 6, 'TICKET', '425', '2020-02-18 11:12:53', '0.20', '7.00', 'Registrado', '2020-02-18 10:12:53', '2020-02-18 10:12:53'),
(563, 17, 6, 'FACTURA', '426', '2020-01-30 19:03:16', '0.20', '90.00', 'Registrado', '2020-01-30 18:03:16', '2020-01-30 18:03:16'),
(564, 37, 6, 'FACTURA', '424', '2020-02-18 10:49:07', '0.20', '71.00', 'Registrado', '2020-02-18 09:49:07', '2020-02-18 09:49:07'),
(565, 17, 6, 'FACTURA', '427', '2020-01-31 10:15:21', '0.20', '20.00', 'Registrado', '2020-01-31 09:15:21', '2020-01-31 09:15:21'),
(566, 18, 6, 'FACTURA', '428', '2020-01-29 14:37:45', '0.20', '62.00', 'Registrado', '2020-01-29 13:37:45', '2020-01-29 13:37:45'),
(567, 27, 6, 'FACTURA', '429', '2020-01-28 14:25:44', '0.20', '40.00', 'Registrado', '2020-01-28 13:25:44', '2020-01-28 13:25:44'),
(568, 19, 6, 'FACTURA', '430', '2020-02-07 07:30:24', '0.20', '15.00', 'Registrado', '2020-07-31 09:04:14', '2020-07-31 09:04:14'),
(569, 3, 6, 'FACTURA', '431', '2020-02-06 16:51:29', '0.20', '45.00', 'Registrado', '2020-02-06 15:51:29', '2020-02-06 15:51:29'),
(570, 30, 6, 'TICKET', '432', '2020-02-05 10:37:59', '0.20', '10.00', 'Registrado', '2020-02-05 09:37:59', '2020-02-05 09:37:59'),
(571, 27, 6, 'FACTURA', '433', '2018-11-27 13:15:06', '0.20', '33.00', 'Registrado', '2018-11-27 12:15:06', '2020-07-31 09:12:36'),
(572, 27, 6, 'FACTURA', '434', '2018-12-03 09:27:51', '0.20', '10.00', 'Registrado', '2018-12-03 08:27:51', '2018-12-03 08:27:51'),
(573, 19, 6, 'FACTURA', '435', '2018-12-24 16:12:06', '0.20', '11.00', 'Registrado', '2018-12-24 15:12:06', '2018-12-24 15:12:06'),
(574, 19, 6, 'FACTURA', '436', '2018-12-26 08:56:46', '0.20', '50.00', 'Registrado', '2018-12-26 07:56:46', '2018-12-26 07:56:46'),
(575, 28, 6, 'FACTURA', '437', '2018-12-10 10:33:57', '0.20', '61.00', 'Registrado', '2018-12-10 09:33:57', '2018-12-10 09:33:57'),
(576, 18, 6, 'FACTURA', '438', '2018-12-28 10:12:21', '0.20', '61.00', 'Registrado', '2018-12-28 09:12:21', '2018-12-28 09:12:21'),
(577, 37, 6, 'FACTURA', '439', '2019-01-03 19:07:41', '0.20', '66.00', 'Registrado', '2019-01-03 18:07:41', '2019-01-03 18:07:41'),
(578, 20, 6, 'FACTURA', '440', '2019-01-04 15:34:43', '0.20', '66.00', 'Registrado', '2019-01-04 14:34:43', '2019-01-04 14:34:43'),
(579, 18, 6, 'FACTURA', '441', '2019-01-07 18:00:42', '0.20', '66.00', 'Registrado', '2019-01-07 17:00:42', '2019-01-07 17:00:42'),
(580, 38, 6, 'TICKET', '442', '2019-01-10 18:00:42', '0.20', '35.00', 'Registrado', '2019-01-10 17:00:42', '2019-01-10 17:00:42'),
(581, 33, 6, 'FACTURA', '443', '2019-01-14 19:26:04', '0.20', '85.00', 'Registrado', '2019-01-14 18:26:04', '2019-01-14 18:26:04'),
(582, 17, 6, 'FACTURA', '444', '2019-01-17 12:46:20', '0.20', '55.00', 'Registrado', '2019-01-17 11:46:20', '2019-01-17 11:46:20'),
(585, 3, 6, 'FACTURA', '445', '2019-01-21 09:36:52', '0.20', '26.50', 'Registrado', '2019-01-21 08:36:52', '2019-01-21 08:36:52'),
(586, 18, 6, 'FACTURA', '446', '2019-01-22 19:16:53', '0.20', '40.00', 'Registrado', '2019-01-22 18:16:53', '2019-01-22 18:16:53'),
(587, 17, 6, 'FACTURA', '447', '2019-01-25 10:53:40', '0.20', '85.00', 'Registrado', '2019-01-25 09:53:40', '2019-01-25 09:53:40'),
(588, 30, 6, 'FACTURA', '447', '2019-01-31 09:02:53', '0.20', '19.50', 'Registrado', '2019-01-31 08:02:53', '2019-01-31 08:02:53'),
(589, 17, 6, 'FACTURA', '448', '2019-01-29 12:09:02', '0.20', '19.50', 'Registrado', '2019-01-29 11:09:02', '2019-01-29 11:09:02'),
(590, 17, 6, 'FACTURA', '449', '2019-02-01 08:31:04', '0.20', '19.50', 'Registrado', '2019-02-01 07:31:04', '2019-02-01 07:31:04'),
(591, 30, 6, 'FACTURA', '450', '2019-02-11 14:41:48', '0.20', '19.50', 'Registrado', '2019-02-11 13:41:48', '2019-02-11 13:41:48');

--
-- Triggers `ventas`
--
DELIMITER $$
CREATE TRIGGER `tr_updStockVentaAnular` AFTER UPDATE ON `ventas` FOR EACH ROW BEGIN
  UPDATE productos p
    JOIN detalle_ventas dv
      ON dv.idproducto = p.id
     AND dv.idventa= new.id
     set p.stock = p.stock + dv.cantidad;
end
$$
DELIMITER ;

--
-- Indexes for dumped tables
--

--
-- Indexes for table `categorias`
--
ALTER TABLE `categorias`
  ADD PRIMARY KEY (`id`),
  ADD UNIQUE KEY `categorias_nombre_unique` (`nombre`);

--
-- Indexes for table `clientes`
--
ALTER TABLE `clientes`
  ADD PRIMARY KEY (`id`),
  ADD UNIQUE KEY `clientes_nombre_unique` (`nombre`);

--
-- Indexes for table `compras`
--
ALTER TABLE `compras`
  ADD PRIMARY KEY (`id`),
  ADD KEY `compras_idproveedor_foreign` (`idproveedor`),
  ADD KEY `compras_idusuario_foreign` (`idusuario`);

--
-- Indexes for table `detalle_compras`
--
ALTER TABLE `detalle_compras`
  ADD PRIMARY KEY (`id`),
  ADD KEY `detalle_compras_idcompra_foreign` (`idcompra`),
  ADD KEY `detalle_compras_idproducto_foreign` (`idproducto`);

--
-- Indexes for table `detalle_ventas`
--
ALTER TABLE `detalle_ventas`
  ADD PRIMARY KEY (`id`),
  ADD KEY `detalle_ventas_idventa_foreign` (`idventa`),
  ADD KEY `detalle_ventas_idproducto_foreign` (`idproducto`);

--
-- Indexes for table `migrations`
--
ALTER TABLE `migrations`
  ADD PRIMARY KEY (`id`);

--
-- Indexes for table `password_resets`
--
ALTER TABLE `password_resets`
  ADD KEY `password_resets_email_index` (`email`);

--
-- Indexes for table `productos`
--
ALTER TABLE `productos`
  ADD PRIMARY KEY (`id`),
  ADD UNIQUE KEY `productos_nombre_unique` (`nombre`),
  ADD KEY `productos_idcategoria_foreign` (`idcategoria`);

--
-- Indexes for table `proveedores`
--
ALTER TABLE `proveedores`
  ADD PRIMARY KEY (`id`),
  ADD UNIQUE KEY `proveedores_nombre_unique` (`nombre`);

--
-- Indexes for table `roles`
--
ALTER TABLE `roles`
  ADD PRIMARY KEY (`id`),
  ADD UNIQUE KEY `roles_nombre_unique` (`nombre`);

--
-- Indexes for table `users`
--
ALTER TABLE `users`
  ADD PRIMARY KEY (`id`);

--
-- Indexes for table `ventas`
--
ALTER TABLE `ventas`
  ADD PRIMARY KEY (`id`),
  ADD KEY `ventas_idcliente_foreign` (`idcliente`),
  ADD KEY `ventas_idusuario_foreign` (`idusuario`);

--
-- AUTO_INCREMENT for dumped tables
--

--
-- AUTO_INCREMENT for table `categorias`
--
ALTER TABLE `categorias`
  MODIFY `id` int(10) UNSIGNED NOT NULL AUTO_INCREMENT, AUTO_INCREMENT=17;

--
-- AUTO_INCREMENT for table `clientes`
--
ALTER TABLE `clientes`
  MODIFY `id` int(10) UNSIGNED NOT NULL AUTO_INCREMENT, AUTO_INCREMENT=40;

--
-- AUTO_INCREMENT for table `compras`
--
ALTER TABLE `compras`
  MODIFY `id` int(10) UNSIGNED NOT NULL AUTO_INCREMENT, AUTO_INCREMENT=98;

--
-- AUTO_INCREMENT for table `detalle_compras`
--
ALTER TABLE `detalle_compras`
  MODIFY `id` int(10) UNSIGNED NOT NULL AUTO_INCREMENT, AUTO_INCREMENT=470;

--
-- AUTO_INCREMENT for table `detalle_ventas`
--
ALTER TABLE `detalle_ventas`
  MODIFY `id` int(10) UNSIGNED NOT NULL AUTO_INCREMENT, AUTO_INCREMENT=1893;

--
-- AUTO_INCREMENT for table `migrations`
--
ALTER TABLE `migrations`
  MODIFY `id` int(10) UNSIGNED NOT NULL AUTO_INCREMENT, AUTO_INCREMENT=13;

--
-- AUTO_INCREMENT for table `productos`
--
ALTER TABLE `productos`
  MODIFY `id` int(10) UNSIGNED NOT NULL AUTO_INCREMENT, AUTO_INCREMENT=107;

--
-- AUTO_INCREMENT for table `proveedores`
--
ALTER TABLE `proveedores`
  MODIFY `id` int(10) UNSIGNED NOT NULL AUTO_INCREMENT, AUTO_INCREMENT=15;

--
-- AUTO_INCREMENT for table `roles`
--
ALTER TABLE `roles`
  MODIFY `id` int(10) UNSIGNED NOT NULL AUTO_INCREMENT, AUTO_INCREMENT=4;

--
-- AUTO_INCREMENT for table `users`
--
ALTER TABLE `users`
  MODIFY `id` int(10) UNSIGNED NOT NULL AUTO_INCREMENT, AUTO_INCREMENT=10;

--
-- AUTO_INCREMENT for table `ventas`
--
ALTER TABLE `ventas`
  MODIFY `id` int(10) UNSIGNED NOT NULL AUTO_INCREMENT, AUTO_INCREMENT=592;

--
-- Constraints for dumped tables
--

--
-- Constraints for table `compras`
--
ALTER TABLE `compras`
  ADD CONSTRAINT `compras_idproveedor_foreign` FOREIGN KEY (`idproveedor`) REFERENCES `proveedores` (`id`),
  ADD CONSTRAINT `compras_idusuario_foreign` FOREIGN KEY (`idusuario`) REFERENCES `users` (`id`);

--
-- Constraints for table `productos`
--
ALTER TABLE `productos`
  ADD CONSTRAINT `productos_idcategoria_foreign` FOREIGN KEY (`idcategoria`) REFERENCES `categorias` (`id`);
COMMIT;

/*!40101 SET CHARACTER_SET_CLIENT=@OLD_CHARACTER_SET_CLIENT */;
/*!40101 SET CHARACTER_SET_RESULTS=@OLD_CHARACTER_SET_RESULTS */;
/*!40101 SET COLLATION_CONNECTION=@OLD_COLLATION_CONNECTION */;
